,0
"['21', '155', '0', '0', '0', '0', '0', '0', '0', '0', '0', '0']",1
"['22', '49', '0', '0', '0', '0', '0', '0', '0', '0', '0', '0']",1
"['26', '173', '0', '0', '0', '0', '0', '0', '0', '0', '0', '0']",1
"['191', '21', '0', '0', '0', '0', '0', '0', '0', '0', '0', '0']",1
"['49', '74', '0', '0', '0', '0', '0', '0', '0', '0', '0', '0']",1
"['193', '23', '0', '0', '0', '0', '0', '0', '0', '0', '0', '0']",1
"['31', '94', '40', '85', '0', '0', '0', '0', '0', '0', '0', '0']",1
"['140', '139', '0', '0', '0', '0', '0', '0', '0', '0', '0', '0']",1
"['151', '105', '0', '0', '0', '0', '0', '0', '0', '0', '0', '0']",1
"['74', '', '0', '0', '0', '0', '0', '0', '0', '0', '0', '0']",1
"['23', '193', '0', '0', '0', '0', '0', '0', '0', '0', '0', '0']",1
"['', '191', '0', '0', '0', '0', '0', '0', '0', '0', '0', '0']",1
"['', '182', '0', '0', '0', '0', '0', '0', '0', '0', '0', '0']",1
"['74', '137', '75', '138', '0', '0', '0', '0', '0', '0', '0', '0']",1
"['88', '43', '0', '0', '0', '0', '0', '0', '0', '0', '0', '0']",1
"['92', '209', '0', '0', '0', '0', '0', '0', '0', '0', '0', '0']",1
"['195', '45', '0', '0', '0', '0', '0', '0', '0', '0', '0', '0']",1
"['211', '75', '0', '0', '0', '0', '0', '0', '0', '0', '0', '0']",1
"['158', '74', '0', '0', '0', '0', '0', '0', '0', '0', '0', '0']",1
"['75', '155', '0', '0', '0', '0', '0', '0', '0', '0', '0', '0']",1
"['23', '137', '0', '0', '0', '0', '0', '0', '0', '0', '0', '0']",1
"['38', '155', '0', '0', '0', '0', '0', '0', '0', '0', '0', '0']",1
"['158', '212', '131', '185', '0', '0', '0', '0', '0', '0', '0', '0']",1
"['217', '100', '0', '0', '0', '0', '0', '0', '0', '0', '0', '0']",1
"['137', '182', '0', '0', '0', '0', '0', '0', '0', '0', '0', '0']",1
"['160', '26', '0', '0', '0', '0', '0', '0', '0', '0', '0', '0']",1
"['183', '138', '0', '0', '0', '0', '0', '0', '0', '0', '0', '0']",1
"['75', '93', '192', '210', '0', '0', '0', '0', '0', '0', '0', '0']",1
"['117', '0', '0', '0', '0', '0', '0', '0', '0', '0', '0', '0']",1
"['49', '178', '0', '0', '0', '0', '0', '0', '0', '0', '0', '0']",1
"['130', '76', '0', '0', '0', '0', '0', '0', '0', '0', '0', '0']",1
"['214', '60', '0', '0', '0', '0', '0', '0', '0', '0', '0', '0']",1
"['22', '193', '23', '194', '0', '0', '0', '0', '0', '0', '0', '0']",1
"['23', '232', '0', '0', '0', '0', '0', '0', '0', '0', '0', '0']",1
"['235', '235', '0', '0', '0', '0', '0', '0', '0', '0', '0', '0']",1
"['38', '209', '56', '227', '0', '0', '0', '0', '0', '0', '0', '0']",1
"['100', '154', '0', '0', '0', '0', '0', '0', '0', '0', '0', '0']",1
"['138', '75', '145', '82', '0', '0', '0', '0', '0', '0', '0', '0']",1
"['157', '103', '0', '0', '0', '0', '0', '0', '0', '0', '0', '0']",1
"['191', '217', '0', '0', '0', '0', '0', '0', '0', '0', '0', '0']",1
"['100', '138', '0', '0', '0', '0', '0', '0', '0', '0', '0', '0']",1
"['139', '140', '0', '0', '0', '0', '0', '0', '0', '0', '0', '0']",1
"['42', '212', '0', '0', '0', '0', '0', '0', '0', '0', '0', '0']",1
"['42', '137', '0', '0', '0', '0', '0', '0', '0', '0', '0', '0']",1
"['74', '137', '138', '0', '0', '0', '0', '0', '0', '0', '0', '0']",1
"['210', '192', '39', '21', '0', '0', '0', '0', '0', '0', '0', '0']",1
"['139', '149', '0', '0', '0', '0', '0', '0', '0', '0', '0', '0']",1
"['85', '95', '0', '0', '0', '0', '0', '0', '0', '0', '0', '0']",1
"['212', '158', '185', '131', '0', '0', '0', '0', '0', '0', '0', '0']",1
"['139', '85', '0', '0', '0', '0', '0', '0', '0', '0', '0', '0']",1
"['75', '138', '93', '156', '0', '0', '0', '0', '0', '0', '0', '0']",1
"['96', '60', '232', '160', '0', '0', '0', '0', '0', '0', '0', '0']",1
"['21', '84', '102', '39', '0', '0', '0', '0', '0', '0', '0', '0']",1
"['147', '192', '129', '210', '0', '0', '0', '0', '0', '0', '0', '0']",1
"['232', '60', '160', '96', '0', '0', '0', '0', '0', '0', '0', '0']",1
"['60', '232', '160', '96', '0', '0', '0', '0', '0', '0', '0', '0']",1
"['191', '20', '191', '20', '75', '138', '0', '0', '0', '0', '0', '0']",1
"['26', '25', '0', '0', '0', '0', '0', '0', '0', '0', '0', '0']",1
"['198', '195', '40', '0', '0', '0', '0', '0', '0', '0', '0', '0']",1
"['232', '21', '0', '0', '0', '0', '0', '0', '0', '0', '0', '0']",1
"['198', '195', '0', '0', '0', '0', '0', '0', '0', '0', '0', '0']",1
"['211', '40', '0', '0', '0', '0', '0', '0', '0', '0', '0', '0']",1
"['40', '211', '0', '0', '0', '0', '0', '0', '0', '0', '0', '0']",1
"['136', '64', '100', '0', '0', '0', '0', '0', '0', '0', '0', '0']",1
"['40', '138', '75', '0', '0', '0', '0', '0', '0', '0', '0', '0']",1
"['100', '64', '136', '0', '0', '0', '0', '0', '0', '0', '0', '0']",1
"['232', '75', '0', '0', '0', '0', '0', '0', '0', '0', '0', '0']",1
"['144', '26', '0', '0', '0', '0', '0', '0', '0', '0', '0', '0']",1
"['85', '149', '0', '0', '0', '0', '0', '0', '0', '0', '0', '0']",1
"['156', '155', '0', '0', '0', '0', '0', '0', '0', '0', '0', '0']",1
"['190', '28', '136', '82', '0', '0', '0', '0', '0', '0', '0', '0']",1
"['199', '145', '91', '37', '0', '0', '0', '0', '0', '0', '0', '0']",1
"['82', '100', '145', '163', '0', '0', '0', '0', '0', '0', '0', '0']",1
"['89', '40', '0', '0', '0', '0', '0', '0', '0', '0', '0', '0']",1
"['81', '123', '0', '0', '0', '0', '0', '0', '0', '0', '0', '0']",1
"['82', '217', '0', '0', '0', '0', '0', '0', '0', '0', '0', '0']",1
"['81', '162', '0', '0', '0', '0', '0', '0', '0', '0', '0', '0']",1
"['79', '196', '0', '0', '0', '0', '0', '0', '0', '0', '0', '0']",1
"['162', '43', '0', '0', '0', '0', '0', '0', '0', '0', '0', '0']",1
"['209', '92', '0', '0', '0', '0', '0', '0', '0', '0', '0', '0']",1
"['99', '0', '0', '0', '0', '0', '0', '0', '0', '0', '0', '0']",1
"['198', '81', '0', '0', '0', '0', '0', '0', '0', '0', '0', '0']",1
"['78', '195', '0', '0', '0', '0', '0', '0', '0', '0', '0', '0']",1
"['214', '97', '0', '0', '0', '0', '0', '0', '0', '0', '0', '0']",1
"['98', '215', '0', '0', '0', '0', '0', '0', '0', '0', '0', '0']",1
"['142', '25', '0', '0', '0', '0', '0', '0', '0', '0', '0', '0']",1
"['159', '42', '0', '0', '0', '0', '0', '0', '0', '0', '0', '0']",1
"['45', '162', '0', '0', '0', '0', '0', '0', '0', '0', '0', '0']",1
"['81', '198', '0', '0', '0', '0', '0', '0', '0', '0', '0', '0']",1
"['195', '78', '0', '0', '0', '0', '0', '0', '0', '0', '0', '0']",1
"['26', '143', '0', '0', '0', '0', '0', '0', '0', '0', '0', '0']",1
"['25', '142', '0', '0', '0', '0', '0', '0', '0', '0', '0', '0']",1
"['79', '142', '0', '0', '0', '0', '0', '0', '0', '0', '0', '0']",1
"['214', '151', '0', '0', '0', '0', '0', '0', '0', '0', '0', '0']",1
"['159', '96', '0', '0', '0', '0', '0', '0', '0', '0', '0', '0']",1
"['26', '', '0', '0', '0', '0', '0', '0', '0', '0', '0', '0']",1
"['', '232', '0', '0', '0', '0', '0', '0', '0', '0', '0', '0']",1
"['', '60', '0', '0', '0', '0', '0', '0', '0', '0', '0', '0']",1
"['', '39', '0', '0', '0', '0', '0', '0', '0', '0', '0', '0']",1
"['', '', '', '199', '0', '0', '0', '0', '0', '0', '0', '0']",1
"['', '', '235', '', '0', '0', '0', '0', '0', '0', '0', '0']",1
"['64', '', '', '', '0', '0', '0', '0', '0', '0', '0', '0']",1
"['', '', '46', '', '0', '0', '0', '0', '0', '0', '0', '0']",1
"['', '82', '', '', '0', '0', '0', '0', '0', '0', '0', '0']",1
"['', '21', '0', '0', '0', '0', '0', '0', '0', '0', '0', '0']",1
"['', '22', '0', '0', '0', '0', '0', '0', '0', '0', '0', '0']",1
"['185', '', '212', '0', '0', '0', '0', '0', '0', '0', '0', '0']",1
"['', '173', '', '110', '0', '0', '0', '0', '0', '0', '0', '0']",1
"['138', '75', '', '156', '', '93', '0', '0', '0', '0', '0', '0']",1
"['58', '49', '', '0', '0', '0', '0', '0', '0', '0', '0', '0']",1
"['', '', '40', '212', '0', '0', '0', '0', '0', '0', '0', '0']",1
"['100', '145', '0', '0', '0', '0', '0', '0', '0', '0', '0', '0']",1
"['85', '31', '0', '0', '0', '0', '0', '0', '0', '0', '0', '0']",1
"['185', '131', '0', '0', '0', '0', '0', '0', '0', '0', '0', '0']",1
"['192', '129', '', '0', '0', '0', '0', '0', '0', '0', '0', '0']",1
"['123', '60', '0', '0', '0', '0', '0', '0', '0', '0', '0', '0']",1
"['125', '53', '0', '0', '0', '0', '0', '0', '0', '0', '0', '0']",1
"['207', '171', '0', '0', '0', '0', '0', '0', '0', '0', '0', '0']",1
"['139', '77', '23', '193', '0', '0', '0', '0', '0', '0', '0', '0']",1
"['140', '76', '0', '0', '0', '0', '0', '0', '0', '0', '0', '0']",1
"['138', '82', '0', '0', '0', '0', '0', '0', '0', '0', '0', '0']",1
"['', '', '212', '40', '0', '0', '0', '0', '0', '0', '0', '0']",1
"['82', '100', '0', '0', '0', '0', '0', '0', '0', '0', '0', '0']",1
"['145', '163', '0', '0', '0', '0', '0', '0', '0', '0', '0', '0']",1
"['93', '75', '156', '138', '0', '0', '0', '0', '0', '0', '0', '0']",1
"['137', '155', '74', '92', '0', '0', '0', '0', '0', '0', '0', '0']",1
"['228', '57', '0', '0', '0', '0', '0', '0', '0', '0', '0', '0']",1
"['23', '77', '193', '139', '0', '0', '0', '0', '0', '0', '0', '0']",1
"['84', '130', '0', '0', '0', '0', '0', '0', '0', '0', '0', '0']",1
"['138', '75', '137', '0', '0', '0', '0', '0', '0', '0', '0', '0']",1
"['138', '95', '0', '0', '0', '0', '0', '0', '0', '0', '0', '0']",1
"['75', '138', '192', '0', '0', '0', '0', '0', '0', '0', '0', '0']",1
"['212', '40', '21', '0', '0', '0', '0', '0', '0', '0', '0', '0']",1
"['138', '94', '0', '0', '0', '0', '0', '0', '0', '0', '0', '0']",1
"['25', '88', '0', '0', '0', '0', '0', '0', '0', '0', '0', '0']",1
"['195', '132', '0', '0', '0', '0', '0', '0', '0', '0', '0', '0']",1
"['132', '195', '0', '0', '0', '0', '0', '0', '0', '0', '0', '0']",1
"['156', '75', '93', '138', '0', '0', '0', '0', '0', '0', '0', '0']",1
"['160', '60', '96', '232', '0', '0', '0', '0', '0', '0', '0', '0']",1
"['212', '76', '0', '0', '0', '0', '0', '0', '0', '0', '0', '0']",1
"['56', '227', '20', '209', '38', '191', '0', '0', '0', '0', '0', '0']",1
"['198', '162', '26', '98', '0', '0', '0', '0', '0', '0', '0', '0']",1
"['163', '37', '0', '0', '0', '0', '0', '0', '0', '0', '0', '0']",1
"['127', '145', '0', '0', '0', '0', '0', '0', '0', '0', '0', '0']",1
"['91', '199', '0', '0', '0', '0', '0', '0', '0', '0', '0', '0']",1
"['235', '28', '127', '0', '0', '0', '0', '0', '0', '0', '0', '0']",1
"['37', '91', '193', '145', '0', '0', '0', '0', '0', '0', '0', '0']",1
"['235', '176', '0', '0', '0', '0', '0', '0', '0', '0', '0', '0']",1
"['69', '105', '0', '0', '0', '0', '0', '0', '0', '0', '0', '0']",1
"['176', '0', '0', '0', '0', '0', '0', '0', '0', '0', '0', '0']",1
"['35', '107', '0', '0', '0', '0', '0', '0', '0', '0', '0', '0']",1
"['127', '73', '175', '0', '0', '0', '0', '0', '0', '0', '0', '0']",1
"['101', '119', '83', '0', '0', '0', '0', '0', '0', '0', '0', '0']",1
"['174', '156', '138', '0', '0', '0', '0', '0', '0', '0', '0', '0']",1
"['29', '47', '65', '0', '0', '0', '0', '0', '0', '0', '0', '0']",1
"['124', '52', '0', '0', '0', '0', '0', '0', '0', '0', '0', '0']",1
"['66', '0', '0', '0', '0', '0', '0', '0', '0', '0', '0', '0']",1
"['71', '0', '0', '0', '0', '0', '0', '0', '0', '0', '0', '0']",1
"['125', '0', '0', '0', '0', '0', '0', '0', '0', '0', '0', '0']",1
"['163', '109', '217', '55', '0', '0', '0', '0', '0', '0', '0', '0']",1
"['217', '163', '109', '55', '0', '0', '0', '0', '0', '0', '0', '0']",1
"['199', '37', '145', '91', '0', '0', '0', '0', '0', '0', '0', '0']",1
"['29', '65', '47', '0', '0', '0', '0', '0', '0', '0', '0', '0']",1
"['176', '122', '230', '0', '0', '0', '0', '0', '0', '0', '0', '0']",1
"['85', '193', '139', '0', '0', '0', '0', '0', '0', '0', '0', '0']",1
"['55', '37', '127', '0', '0', '0', '0', '0', '0', '0', '0', '0']",1
"['181', '217', '0', '0', '0', '0', '0', '0', '0', '0', '0', '0']",1
"['91', '127', '109', '0', '0', '0', '0', '0', '0', '0', '0', '0']",1
"['127', '55', '0', '0', '0', '0', '0', '0', '0', '0', '0', '0']",1
"['127', '181', '0', '0', '0', '0', '0', '0', '0', '0', '0', '0']",1
"['55', '163', '0', '0', '0', '0', '0', '0', '0', '0', '0', '0']",1
"['235', '127', '0', '0', '0', '0', '0', '0', '0', '0', '0', '0']",1
"['37', '145', '0', '0', '0', '0', '0', '0', '0', '0', '0', '0']",1
"['127', '91', '0', '0', '0', '0', '0', '0', '0', '0', '0', '0']",1
"['127', '37', '0', '0', '0', '0', '0', '0', '0', '0', '0', '0']",1
"['181', '145', '163', '0', '0', '0', '0', '0', '0', '0', '0', '0']",1
"['109', '55', '0', '0', '0', '0', '0', '0', '0', '0', '0', '0']",1
"['55', '109', '0', '0', '0', '0', '0', '0', '0', '0', '0', '0']",1
"['217', '199', '0', '0', '0', '0', '0', '0', '0', '0', '0', '0']",1
"['109', '91', '0', '0', '0', '0', '0', '0', '0', '0', '0', '0']",1
"['73', '55', '0', '0', '0', '0', '0', '0', '0', '0', '0', '0']",1
"['181', '163', '0', '0', '0', '0', '0', '0', '0', '0', '0', '0']",1
"['84', '102', '129', '147', '0', '0', '0', '0', '0', '0', '0', '0']",1
"['214', '80', '0', '0', '0', '0', '0', '0', '0', '0', '0', '0']",1
"['42', '144', '0', '0', '0', '0', '0', '0', '0', '0', '0', '0']",1
"['214', '26', '0', '0', '0', '0', '0', '0', '0', '0', '0', '0']",1
"['40', '85', '0', '0', '0', '0', '0', '0', '0', '0', '0', '0']",1
"['212', '131', '0', '0', '0', '0', '0', '0', '0', '0', '0', '0']",1
"['138', '156', '174', '75', '93', '111', '0', '0', '0', '0', '0', '0']",1
"['85', '40', '0', '0', '0', '0', '0', '0', '0', '0', '0', '0']",1
"['131', '212', '0', '0', '0', '0', '0', '0', '0', '0', '0', '0']",1
"['21', '230', '0', '0', '0', '0', '0', '0', '0', '0', '0', '0']",1
"['235', '22', '0', '0', '0', '0', '0', '0', '0', '0', '0', '0']",1
"['68', '122', '176', '0', '0', '0', '0', '0', '0', '0', '0', '0']",1
"['209', '191', '0', '0', '0', '0', '0', '0', '0', '0', '0', '0']",1
"['74', '21', '0', '0', '0', '0', '0', '0', '0', '0', '0', '0']",1
"['42', '78', '0', '0', '0', '0', '0', '0', '0', '0', '0', '0']",1
"['143', '83', '0', '0', '0', '0', '0', '0', '0', '0', '0', '0']",1
"['199', '217', '0', '0', '0', '0', '0', '0', '0', '0', '0', '0']",1
"['28', '46', '0', '0', '0', '0', '0', '0', '0', '0', '0', '0']",1
"['149', '140', '0', '0', '0', '0', '0', '0', '0', '0', '0', '0']",1
"['223', '214', '0', '0', '0', '0', '0', '0', '0', '0', '0', '0']",1
"['123', '96', '0', '0', '0', '0', '0', '0', '0', '0', '0', '0']",1
"['76', '38', '0', '0', '0', '0', '0', '0', '0', '0', '0', '0']",1
"['199', '145', '91', '0', '0', '0', '0', '0', '0', '0', '0', '0']",1
"['75', '230', '0', '0', '0', '0', '0', '0', '0', '0', '0', '0']",1
"['75', '30', '0', '0', '0', '0', '0', '0', '0', '0', '0', '0']",1
"['223', '49', '0', '0', '0', '0', '0', '0', '0', '0', '0', '0']",1
"['212', '185', '184', '211', '0', '0', '0', '0', '0', '0', '0', '0']",1
"['156', '39', '0', '0', '0', '0', '0', '0', '0', '0', '0', '0']",1
"['167', '157', '0', '0', '0', '0', '0', '0', '0', '0', '0', '0']",1
"['221', '103', '0', '0', '0', '0', '0', '0', '0', '0', '0', '0']",1
"['69', '42', '0', '0', '0', '0', '0', '0', '0', '0', '0', '0']",1
"['207', '198', '0', '0', '0', '0', '0', '0', '0', '0', '0', '0']",1
"['51', '60', '0', '0', '0', '0', '0', '0', '0', '0', '0', '0']",1
"['26', '223', '0', '0', '0', '0', '0', '0', '0', '0', '0', '0']",1
"['149', '139', '0', '0', '0', '0', '0', '0', '0', '0', '0', '0']",1
"['84', '58', '0', '0', '0', '0', '0', '0', '0', '0', '0', '0']",1
"['192', '60', '0', '0', '0', '0', '0', '0', '0', '0', '0', '0']",1
"['218', '0', '0', '0', '0', '0', '0', '0', '0', '0', '0', '0']",1
"['86', '85', '0', '0', '0', '0', '0', '0', '0', '0', '0', '0']",1
"['129', '209', '0', '0', '0', '0', '0', '0', '0', '0', '0', '0']",1
"['203', '202', '0', '0', '0', '0', '0', '0', '0', '0', '0', '0']",1
"['212', '40', '157', '95', '0', '0', '0', '0', '0', '0', '0', '0']",1
"['95', '173', '0', '0', '0', '0', '0', '0', '0', '0', '0', '0']",1
"['95', '155', '0', '0', '0', '0', '0', '0', '0', '0', '0', '0']",1
"['93', '192', '75', '210', '0', '0', '0', '0', '0', '0', '0', '0']",1
"['210', '192', '93', '75', '0', '0', '0', '0', '0', '0', '0', '0']",1
"['98', '161', '89', '26', '0', '0', '0', '0', '0', '0', '0', '0']",1
"['198', '135', '99', '162', '0', '0', '0', '0', '0', '0', '0', '0']",1
"['98', '89', '161', '26', '0', '0', '0', '0', '0', '0', '0', '0']",1
"['198', '64', '0', '0', '0', '0', '0', '0', '0', '0', '0', '0']",1
"['198', '82', '0', '0', '0', '0', '0', '0', '0', '0', '0', '0']",1
"['82', '198', '0', '0', '0', '0', '0', '0', '0', '0', '0', '0']",1
"['145', '26', '0', '0', '0', '0', '0', '0', '0', '0', '0', '0']",1
"['26', '145', '0', '0', '0', '0', '0', '0', '0', '0', '0', '0']",1
"['64', '194', '0', '0', '0', '0', '0', '0', '0', '0', '0', '0']",1
"['32', '40', '0', '0', '0', '0', '0', '0', '0', '0', '0', '0']",1
"['211', '185', '0', '0', '0', '0', '0', '0', '0', '0', '0', '0']",1
"['40', '32', '0', '0', '0', '0', '0', '0', '0', '0', '0', '0']",1
"['185', '211', '0', '0', '0', '0', '0', '0', '0', '0', '0', '0']",1
"['198', '75', '0', '0', '0', '0', '0', '0', '0', '0', '0', '0']",1
"['215', '75', '0', '0', '0', '0', '0', '0', '0', '0', '0', '0']",1
"['198', '135', '', '', '0', '0', '0', '0', '0', '0', '0', '0']",1
"['', '89', '26', '', '0', '0', '0', '0', '0', '0', '0', '0']",1
"['', '198', '135', '', '0', '0', '0', '0', '0', '0', '0', '0']",1
"['75', '210', '192', '93', '0', '0', '0', '0', '0', '0', '0', '0']",1
"['210', '75', '192', '93', '0', '0', '0', '0', '0', '0', '0', '0']",1
"['20', '192', '0', '0', '0', '0', '0', '0', '0', '0', '0', '0']",1
"['21', '197', '0', '0', '0', '0', '0', '0', '0', '0', '0', '0']",1
"['86', '194', '140', '0', '0', '0', '0', '0', '0', '0', '0', '0']",1
"['126', '63', '162', '135', '99', '198', '0', '0', '0', '0', '0', '0']",1
"['22', '130', '76', '0', '0', '0', '0', '0', '0', '0', '0', '0']",1
"['143', '80', '0', '0', '0', '0', '0', '0', '0', '0', '0', '0']",1
"['98', '170', '233', '161', '89', '26', '0', '0', '0', '0', '0', '0']",1
"['194', '86', '140', '0', '0', '0', '0', '0', '0', '0', '0', '0']",1
"['81', '144', '0', '0', '0', '0', '0', '0', '0', '0', '0', '0']",1
"['63', '126', '162', '99', '135', '198', '0', '0', '0', '0', '0', '0']",1
"['22', '76', '130', '0', '0', '0', '0', '0', '0', '0', '0', '0']",1
"['179', '117', '0', '0', '0', '0', '0', '0', '0', '0', '0', '0']",1
"['210', '180', '192', '0', '0', '0', '0', '0', '0', '0', '0', '0']",1
"['180', '192', '210', '0', '0', '0', '0', '0', '0', '0', '0', '0']",1
"['227', '164', '0', '0', '0', '0', '0', '0', '0', '0', '0', '0']",1
"['75', '196', '0', '0', '0', '0', '0', '0', '0', '0', '0', '0']",1
"['215', '170', '0', '0', '0', '0', '0', '0', '0', '0', '0', '0']",1
"['91', '100', '0', '0', '0', '0', '0', '0', '0', '0', '0', '0']",1
"['214', '169', '0', '0', '0', '0', '0', '0', '0', '0', '0', '0']",1
"['170', '215', '0', '0', '0', '0', '0', '0', '0', '0', '0', '0']",1
"['82', '60', '100', '145', '163', '232', '0', '0', '0', '0', '0', '0']",1
"['140', '112', '0', '0', '0', '0', '0', '0', '0', '0', '0', '0']",1
"['85', '167', '0', '0', '0', '0', '0', '0', '0', '0', '0', '0']",1
"['129', '147', '84', '102', '0', '0', '0', '0', '0', '0', '0', '0']",1
"['102', '129', '147', '84', '0', '0', '0', '0', '0', '0', '0', '0']",1
"['84', '162', '0', '0', '0', '0', '0', '0', '0', '0', '0', '0']",1
"['', '145', '82', '0', '0', '0', '0', '0', '0', '0', '0', '0']",1
"['39', '209', '0', '0', '0', '0', '0', '0', '0', '0', '0', '0']",1
"['122', '130', '0', '0', '0', '0', '0', '0', '0', '0', '0', '0']",1
"['75', '75', '138', '0', '0', '0', '0', '0', '0', '0', '0', '0']",1
"['161', '233', '0', '0', '0', '0', '0', '0', '0', '0', '0', '0']",1
"['31', '85', '94', '40', '0', '0', '0', '0', '0', '0', '0', '0']",1
"['185', '212', '131', '158', '0', '0', '0', '0', '0', '0', '0', '0']",1
"['40', '94', '85', '31', '0', '0', '0', '0', '0', '0', '0', '0']",1
"['140', '94', '0', '0', '0', '0', '0', '0', '0', '0', '0', '0']",1
"['85', '31', '40', '94', '0', '0', '0', '0', '0', '0', '0', '0']",1
"['158', '212', '185', '131', '0', '0', '0', '0', '0', '0', '0', '0']",1
"['81', '45', '143', '215', '0', '0', '0', '0', '0', '0', '0', '0']",1
"['104', '158', '212', '0', '0', '0', '0', '0', '0', '0', '0', '0']",1
"['115', '177', '0', '0', '0', '0', '0', '0', '0', '0', '0', '0']",1
"['77', '211', '0', '0', '0', '0', '0', '0', '0', '0', '0', '0']",1
"['85', '40', '94', '31', '0', '0', '0', '0', '0', '0', '0', '0']",1
"['131', '185', '158', '212', '0', '0', '0', '0', '0', '0', '0', '0']",1
"['23', '77', '157', '211', '0', '0', '0', '0', '0', '0', '0', '0']",1
"['161', '99', '0', '0', '0', '0', '0', '0', '0', '0', '0', '0']",1
"['212', '128', '0', '0', '0', '0', '0', '0', '0', '0', '0', '0']",1
"['40', '83', '0', '0', '0', '0', '0', '0', '0', '0', '0', '0']",1
"['143', '215', '45', '81', '0', '0', '0', '0', '0', '0', '0', '0']",1
"['181', '118', '', '', '0', '0', '0', '0', '0', '0', '0', '0']",1
"['212', '129', '', '0', '0', '0', '0', '0', '0', '0', '0', '0']",1
"['40', '84', '', '0', '0', '0', '0', '0', '0', '0', '0', '0']",1
"['192', '21', '', '', '0', '0', '0', '0', '0', '0', '0', '0']",1
"['158', '212', '', '0', '0', '0', '0', '0', '0', '0', '0', '0']",1
"['94', '40', '', '0', '0', '0', '0', '0', '0', '0', '0', '0']",1
"['156', '138', '', '0', '0', '0', '0', '0', '0', '0', '0', '0']",1
"['93', '75', '', '0', '0', '0', '0', '0', '0', '0', '0', '0']",1
"['74', '157', '0', '0', '0', '0', '0', '0', '0', '0', '0', '0']",1
"['103', '49', '', '0', '0', '0', '0', '0', '0', '0', '0', '0']",1
"['', '149', '203', '0', '0', '0', '0', '0', '0', '0', '0', '0']",1
"['137', '75', '', '', '0', '0', '0', '0', '0', '0', '0', '0']",1
"['176', '131', '0', '0', '0', '0', '0', '0', '0', '0', '0', '0']",1
"['138', '74', '', '', '0', '0', '0', '0', '0', '0', '0', '0']",1
"['75', '137', '', '', '0', '0', '0', '0', '0', '0', '0', '0']",1
"['194', '22', '', '', '0', '0', '0', '0', '0', '0', '0', '0']",1
"['139', '77', '', '', '0', '0', '0', '0', '0', '0', '0', '0']",1
"['21', '57', '39', '0', '0', '0', '0', '0', '0', '0', '0', '0']",1
"['38', '56', '191', '209', '227', '20', '0', '0', '0', '0', '0', '0']",1
"['138', '156', '111', '174', '93', '75', '0', '0', '0', '0', '0', '0']",1
"['200', '47', '0', '0', '0', '0', '0', '0', '0', '0', '0', '0']",1
"['230', '40', '0', '0', '0', '0', '0', '0', '0', '0', '0', '0']",1
"['', '203', '0', '0', '0', '0', '0', '0', '0', '0', '0', '0']",1
"['', '49', '0', '0', '0', '0', '0', '0', '0', '0', '0', '0']",1
"['', '', '191', '20', '0', '0', '0', '0', '0', '0', '0', '0']",1
"['', '93', '', '156', '0', '0', '0', '0', '0', '0', '0', '0']",1
"['', '137', '0', '0', '0', '0', '0', '0', '0', '0', '0', '0']",1
"['', '75', '0', '0', '0', '0', '0', '0', '0', '0', '0', '0']",1
"['146', '210', '0', '0', '0', '0', '0', '0', '0', '0', '0', '0']",1
"['39', '101', '0', '0', '0', '0', '0', '0', '0', '0', '0', '0']",1
"['162', '98', '198', '26', '0', '0', '0', '0', '0', '0', '0', '0']",1
"['75', '138', '74', '137', '0', '0', '0', '0', '0', '0', '0', '0']",1
"['89', '88', '0', '0', '0', '0', '0', '0', '0', '0', '0', '0']",1
"['196', '24', '0', '0', '0', '0', '0', '0', '0', '0', '0', '0']",1
"['197', '134', '0', '0', '0', '0', '0', '0', '0', '0', '0', '0']",1
"['80', '143', '0', '0', '0', '0', '0', '0', '0', '0', '0', '0']",1
"['138', '83', '0', '0', '0', '0', '0', '0', '0', '0', '0', '0']",1
"['49', '157', '103', '0', '0', '0', '0', '0', '0', '0', '0', '0']",1
"['145', '93', '82', '156', '0', '0', '0', '0', '0', '0', '0', '0']",1
"['157', '131', '77', '103', '0', '0', '0', '0', '0', '0', '0', '0']",1
"['82', '145', '156', '93', '0', '0', '0', '0', '0', '0', '0', '0']",1
"['192', '235', '0', '0', '0', '0', '0', '0', '0', '0', '0', '0']",1
"['192', '199', '0', '0', '0', '0', '0', '0', '0', '0', '0', '0']",1
"['21', '64', '0', '0', '0', '0', '0', '0', '0', '0', '0', '0']",1
"['121', '175', '149', '95', '0', '0', '0', '0', '0', '0', '0', '0']",1
"['156', '93', '138', '75', '0', '0', '0', '0', '0', '0', '0', '0']",1
"['77', '131', '157', '103', '0', '0', '0', '0', '0', '0', '0', '0']",1
"['156', '82', '145', '93', '0', '0', '0', '0', '0', '0', '0', '0']",1
"['109', '145', '0', '0', '0', '0', '0', '0', '0', '0', '0', '0']",1
"['82', '154', '0', '0', '0', '0', '0', '0', '0', '0', '0', '0']",1
"['154', '190', '118', '0', '0', '0', '0', '0', '0', '0', '0', '0']",1
"['84', '56', '0', '0', '0', '0', '0', '0', '0', '0', '0', '0']",1
"['102', '39', '21', '84', '0', '0', '0', '0', '0', '0', '0', '0']",1
"['194', '149', '95', '86', '140', '203', '0', '0', '0', '0', '0', '0']",1
"['84', '39', '102', '21', '0', '0', '0', '0', '0', '0', '0', '0']",1
"['198', '98', '26', '162', '0', '0', '0', '0', '0', '0', '0', '0']",1
"['85', '31', '94', '40', '0', '0', '0', '0', '0', '0', '0', '0']",1
"['198', '26', '98', '162', '0', '0', '0', '0', '0', '0', '0', '0']",1
"['140', '94', '40', '194', '0', '0', '0', '0', '0', '0', '0', '0']",1
"['137', '192', '0', '0', '0', '0', '0', '0', '0', '0', '0', '0']",1
"['196', '213', '161', '0', '0', '0', '0', '0', '0', '0', '0', '0']",1
"['161', '138', '0', '0', '0', '0', '0', '0', '0', '0', '0', '0']",1
"['75', '191', '0', '0', '0', '0', '0', '0', '0', '0', '0', '0']",1
"['209', '21', '0', '0', '0', '0', '0', '0', '0', '0', '0', '0']",1
"['138', '41', '0', '0', '0', '0', '0', '0', '0', '0', '0', '0']",1
"['209', '129', '0', '0', '0', '0', '0', '0', '0', '0', '0', '0']",1
"['42', '78', '214', '142', '0', '0', '0', '0', '0', '0', '0', '0']",1
"['26', '162', '198', '', '98', '', '0', '0', '0', '0', '0', '0']",1
"['212', '130', '0', '0', '0', '0', '0', '0', '0', '0', '0', '0']",1
"['119', '40', '0', '0', '0', '0', '0', '0', '0', '0', '0', '0']",1
"['137', '93', '0', '0', '0', '0', '0', '0', '0', '0', '0', '0']",1
"['156', '74', '0', '0', '0', '0', '0', '0', '0', '0', '0', '0']",1
"['192', '209', '0', '0', '0', '0', '0', '0', '0', '0', '0', '0']",1
"['40', '35', '0', '0', '0', '0', '0', '0', '0', '0', '0', '0']",1
"['110', '212', '0', '0', '0', '0', '0', '0', '0', '0', '0', '0']",1
"['77', '28', '0', '0', '0', '0', '0', '0', '0', '0', '0', '0']",1
"['143', '75', '0', '0', '0', '0', '0', '0', '0', '0', '0', '0']",1
"['81', '138', '0', '0', '0', '0', '0', '0', '0', '0', '0', '0']",1
"['156', '39', '28', '0', '0', '0', '0', '0', '0', '0', '0', '0']",1
"['58', '112', '0', '0', '0', '0', '0', '0', '0', '0', '0', '0']",1
"['227', '209', '0', '0', '0', '0', '0', '0', '0', '0', '0', '0']",1
"['111', '173', '0', '0', '0', '0', '0', '0', '0', '0', '0', '0']",1
"['22', '104', '0', '0', '0', '0', '0', '0', '0', '0', '0', '0']",1
"['103', '23', '0', '0', '0', '0', '0', '0', '0', '0', '0', '0']",1
"['67', '121', '0', '0', '0', '0', '0', '0', '0', '0', '0', '0']",1
"['110', '174', '0', '0', '0', '0', '0', '0', '0', '0', '0', '0']",1
"['149', '193', '0', '0', '0', '0', '0', '0', '0', '0', '0', '0']",1
"['77', '136', '0', '0', '0', '0', '0', '0', '0', '0', '0', '0']",1
"['182', '208', '0', '0', '0', '0', '0', '0', '0', '0', '0', '0']",1
"['28', '39', '0', '0', '0', '0', '0', '0', '0', '0', '0', '0']",1
"['91', '139', '0', '0', '0', '0', '0', '0', '0', '0', '0', '0']",1
"['55', '29', '0', '0', '0', '0', '0', '0', '0', '0', '0', '0']",1
"['192', '129', '', '', '0', '0', '0', '0', '0', '0', '0', '0']",1
"['129', '192', '', '', '0', '0', '0', '0', '0', '0', '0', '0']",1
"['212', '185', '', '0', '0', '0', '0', '0', '0', '0', '0', '0']",1
"['31', '', '40', '0', '0', '0', '0', '0', '0', '0', '0', '0']",1
"['212', '', '185', '0', '0', '0', '0', '0', '0', '0', '0', '0']",1
"['94', '148', '40', '0', '0', '0', '0', '0', '0', '0', '0', '0']",1
"['158', '104', '212', '0', '0', '0', '0', '0', '0', '0', '0', '0']",1
"['156', '174', '138', '111', '93', '75', '0', '0', '0', '0', '0', '0']",1
"['74', '92', '110', '173', '155', '137', '0', '0', '0', '0', '0', '0']",1
"['', '138', '', '75', '0', '0', '0', '0', '0', '0', '0', '0']",1
"['118', '181', '', '', '156', '93', '', '', '0', '0', '0', '0']",1
"['40', '143', '0', '0', '0', '0', '0', '0', '0', '0', '0', '0']",1
"['194', '140', '86', '0', '0', '0', '0', '0', '0', '0', '0', '0']",1
"['76', '22', '130', '0', '0', '0', '0', '0', '0', '0', '0', '0']",1
"['192', '210', '21', '57', '228', '39', '0', '0', '0', '0', '0', '0']",1
"['75', '173', '0', '0', '0', '0', '0', '0', '0', '0', '0', '0']",1
"['111', '174', '138', '75', '156', '93', '0', '0', '0', '0', '0', '0']",1
"['140', '40', '194', '94', '0', '0', '0', '0', '0', '0', '0', '0']",1
"['158', '212', '22', '76', '0', '0', '0', '0', '0', '0', '0', '0']",1
"['210', '21', '192', '39', '228', '57', '0', '0', '0', '0', '0', '0']",1
"['20', '38', '56', '191', '209', '227', '0', '0', '0', '0', '0', '0']",1
"['39', '21', '228', '210', '192', '57', '0', '0', '0', '0', '0', '0']",1
"['40', '75', '0', '0', '0', '0', '0', '0', '0', '0', '0', '0']",1
"['139', '145', '0', '0', '0', '0', '0', '0', '0', '0', '0', '0']",1
"['45', '81', '0', '0', '0', '0', '0', '0', '0', '0', '0', '0']",1
"['75', '140', '0', '0', '0', '0', '0', '0', '0', '0', '0', '0']",1
"['74', '31', '40', '0', '0', '0', '0', '0', '0', '0', '0', '0']",1
"['', '', '40', '', '212', '', '0', '0', '0', '0', '0', '0']",1
"['160', '96', '0', '0', '0', '0', '0', '0', '0', '0', '0', '0']",1
"['75', '174', '156', '138', '111', '93', '0', '0', '0', '0', '0', '0']",1
"['194', '94', '40', '140', '0', '0', '0', '0', '0', '0', '0', '0']",1
"['26', '162', '198', '98', '0', '0', '0', '0', '0', '0', '0', '0']",1
"['', '', '', '', '', '174', '111', '93', '156', '75', '138', '']",1
"['', '', '129', '192', '0', '0', '0', '0', '0', '0', '0', '0']",1
"['75', '214', '0', '0', '0', '0', '0', '0', '0', '0', '0', '0']",1
"['75', '137', '74', '0', '0', '0', '0', '0', '0', '0', '0', '0']",1
"['', '', '145', '82', '0', '0', '0', '0', '0', '0', '0', '0']",1
"['42', '215', '0', '0', '0', '0', '0', '0', '0', '0', '0', '0']",1
"['46', '109', '0', '0', '0', '0', '0', '0', '0', '0', '0', '0']",1
"['217', '154', '0', '0', '0', '0', '0', '0', '0', '0', '0', '0']",1
"['210', '21', '192', '39', '0', '0', '0', '0', '0', '0', '0', '0']",1
"['148', '140', '0', '0', '0', '0', '0', '0', '0', '0', '0', '0']",1
"['', '', '138', '75', '0', '0', '0', '0', '0', '0', '0', '0']",1
"['64', '181', '0', '0', '0', '0', '0', '0', '0', '0', '0', '0']",1
"['158', '212', '76', '22', '0', '0', '0', '0', '0', '0', '0', '0']",1
"['118', '235', '0', '0', '0', '0', '0', '0', '0', '0', '0', '0']",1
"['186', '0', '0', '0', '0', '0', '0', '0', '0', '0', '0', '0']",1
"['26', '90', '0', '0', '0', '0', '0', '0', '0', '0', '0', '0']",1
"['165', '228', '0', '0', '0', '0', '0', '0', '0', '0', '0', '0']",1
"['57', '120', '0', '0', '0', '0', '0', '0', '0', '0', '0', '0']",1
"['45', '143', '215', '81', '0', '0', '0', '0', '0', '0', '0', '0']",1
"['39', '21', '210', '192', '0', '0', '0', '0', '0', '0', '0', '0']",1
"['145', '82', '92', '155', '0', '0', '0', '0', '0', '0', '0', '0']",1
"['174', '111', '163', '100', '82', '145', '0', '0', '0', '0', '0', '0']",1
"['199', '209', '0', '0', '0', '0', '0', '0', '0', '0', '0', '0']",1
"['60', '64', '0', '0', '0', '0', '0', '0', '0', '0', '0', '0']",1
"['103', '131', '77', '157', '0', '0', '0', '0', '0', '0', '0', '0']",1
"['139', '40', '0', '0', '0', '0', '0', '0', '0', '0', '0', '0']",1
"['212', '77', '0', '0', '0', '0', '0', '0', '0', '0', '0', '0']",1
"['135', '99', '0', '0', '0', '0', '0', '0', '0', '0', '0', '0']",1
"['123', '159', '0', '0', '0', '0', '0', '0', '0', '0', '0', '0']",1
"['97', '169', '0', '0', '0', '0', '0', '0', '0', '0', '0', '0']",1
"['', '', '145', '0', '0', '0', '0', '0', '0', '0', '0', '0']",1
"['82', '', '', '0', '0', '0', '0', '0', '0', '0', '0', '0']",1
"['109', '', '', '0', '0', '0', '0', '0', '0', '0', '0', '0']",1
"['', '', '163', '0', '0', '0', '0', '0', '0', '0', '0', '0']",1
"['', '217', '', '0', '0', '0', '0', '0', '0', '0', '0', '0']",1
"['', '100', '', '0', '0', '0', '0', '0', '0', '0', '0', '0']",1
"['46', '', '', '0', '0', '0', '0', '0', '0', '0', '0', '0']",1
"['', '127', '', '0', '0', '0', '0', '0', '0', '0', '0', '0']",1
"['181', '', '', '0', '0', '0', '0', '0', '0', '0', '0', '0']",1
"['172', '', '', '0', '0', '0', '0', '0', '0', '0', '0', '0']",1
"['', '118', '', '0', '0', '0', '0', '0', '0', '0', '0', '0']",1
"['43', '89', '0', '0', '0', '0', '0', '0', '0', '0', '0', '0']",1
"['213', '135', '0', '0', '0', '0', '0', '0', '0', '0', '0', '0']",1
"['104', '76', '22', '130', '212', '158', '0', '0', '0', '0', '0', '0']",1
"['77', '185', '49', '103', '157', '131', '0', '0', '0', '0', '0', '0']",1
"['168', '124', '0', '0', '0', '0', '0', '0', '0', '0', '0', '0']",1
"['103', '157', '185', '131', '77', '49', '0', '0', '0', '0', '0', '0']",1
"['130', '76', '22', '158', '212', '104', '0', '0', '0', '0', '0', '0']",1
"['', '', '127', '0', '0', '0', '0', '0', '0', '0', '0', '0']",1
"['', '', '181', '0', '0', '0', '0', '0', '0', '0', '0', '0']",1
"['', '172', '', '0', '0', '0', '0', '0', '0', '0', '0', '0']",1
"['118', '', '', '0', '0', '0', '0', '0', '0', '0', '0', '0']",1
"['', '109', '', '0', '0', '0', '0', '0', '0', '0', '0', '0']",1
"['', '163', '', '0', '0', '0', '0', '0', '0', '0', '0', '0']",1
"['100', '', '', '0', '0', '0', '0', '0', '0', '0', '0', '0']",1
"['', '145', '', '0', '0', '0', '0', '0', '0', '0', '0', '0']",1
"['', '82', '', '0', '0', '0', '0', '0', '0', '0', '0', '0']",1
"['21', '39', '210', '192', '0', '0', '0', '0', '0', '0', '0', '0']",1
"['155', '181', '0', '0', '0', '0', '0', '0', '0', '0', '0', '0']",1
"['92', '118', '0', '0', '0', '0', '0', '0', '0', '0', '0', '0']",1
"['163', '100', '75', '138', '0', '0', '0', '0', '0', '0', '0', '0']",1
"['198', '163', '0', '0', '0', '0', '0', '0', '0', '0', '0', '0']",1
"['26', '100', '0', '0', '0', '0', '0', '0', '0', '0', '0', '0']",1
"['100', '60', '0', '0', '0', '0', '0', '0', '0', '0', '0', '0']",1
"['232', '163', '0', '0', '0', '0', '0', '0', '0', '0', '0', '0']",1
"['232', '160', '0', '0', '0', '0', '0', '0', '0', '0', '0', '0']",1
"['99', '161', '0', '0', '0', '0', '0', '0', '0', '0', '0', '0']",1
"['138', '100', '163', '75', '0', '0', '0', '0', '0', '0', '0', '0']",1
"['100', '75', '0', '0', '0', '0', '0', '0', '0', '0', '0', '0']",1
"['23', '22', '0', '0', '0', '0', '0', '0', '0', '0', '0', '0']",1
"['192', '137', '0', '0', '0', '0', '0', '0', '0', '0', '0', '0']",1
"['138', '21', '74', '0', '0', '0', '0', '0', '0', '0', '0', '0']",1
"['20', '139', '0', '0', '0', '0', '0', '0', '0', '0', '0', '0']",1
"['82', '23', '0', '0', '0', '0', '0', '0', '0', '0', '0', '0']",1
"['75', '137', '192', '0', '0', '0', '0', '0', '0', '0', '0', '0']",1
"['163', '217', '0', '0', '0', '0', '0', '0', '0', '0', '0', '0']",1
"['76', '194', '0', '0', '0', '0', '0', '0', '0', '0', '0', '0']",1
"['75', '192', '137', '0', '0', '0', '0', '0', '0', '0', '0', '0']",1
"['129', '232', '0', '0', '0', '0', '0', '0', '0', '0', '0', '0']",1
"['60', '84', '0', '0', '0', '0', '0', '0', '0', '0', '0', '0']",1
"['82', '93', '145', '156', '0', '0', '0', '0', '0', '0', '0', '0']",1
"['102', '91', '0', '0', '0', '0', '0', '0', '0', '0', '0', '0']",1
"['41', '100', '0', '0', '0', '0', '0', '0', '0', '0', '0', '0']",1
"['136', '147', '0', '0', '0', '0', '0', '0', '0', '0', '0', '0']",1
"['109', '83', '0', '0', '0', '0', '0', '0', '0', '0', '0', '0']",1
"['50', '109', '0', '0', '0', '0', '0', '0', '0', '0', '0', '0']",1
"['191', '192', '0', '0', '0', '0', '0', '0', '0', '0', '0', '0']",1
"['', '', '', '', '', '156', '', '0', '0', '0', '0', '0']",1
"['111', '163', '145', '174', '82', '100', '0', '0', '0', '0', '0', '0']",1
"['42', '214', '', '', '0', '0', '0', '0', '0', '0', '0', '0']",1
"['21', '209', '', '', '', '', '0', '0', '0', '0', '0', '0']",1
"['', '', '', '21', '210', '39', '', '192', '0', '0', '0', '0']",1
"['', '', '', '', '192', '210', '21', '39', '0', '0', '0', '0']",1
"['38', '209', '', '', '0', '0', '0', '0', '0', '0', '0', '0']",1
"['92', '138', '0', '0', '0', '0', '0', '0', '0', '0', '0', '0']",1
"['212', '', '', '40', '0', '0', '0', '0', '0', '0', '0', '0']",1
"['76', '22', '158', '212', '0', '0', '0', '0', '0', '0', '0', '0']",1
"['', '40', '212', '', '0', '0', '0', '0', '0', '0', '0', '0']",1
"['40', '', '', '212', '0', '0', '0', '0', '0', '0', '0', '0']",1
"['156', '93', '75', '138', '0', '0', '0', '0', '0', '0', '0', '0']",1
"['138', '75', '93', '156', '0', '0', '0', '0', '0', '0', '0', '0']",1
"['35', '44', '0', '0', '0', '0', '0', '0', '0', '0', '0', '0']",1
"['189', '216', '0', '0', '0', '0', '0', '0', '0', '0', '0', '0']",1
"['158', '167', '0', '0', '0', '0', '0', '0', '0', '0', '0', '0']",1
"['157', '166', '0', '0', '0', '0', '0', '0', '0', '0', '0', '0']",1
"['229', '59', '0', '0', '0', '0', '0', '0', '0', '0', '0', '0']",1
"['156', '75', '138', '93', '0', '0', '0', '0', '0', '0', '0', '0']",1
"['114', '51', '0', '0', '0', '0', '0', '0', '0', '0', '0', '0']",1
"['205', '178', '0', '0', '0', '0', '0', '0', '0', '0', '0', '0']",1
"['56', '173', '0', '0', '0', '0', '0', '0', '0', '0', '0', '0']",1
"['110', '227', '0', '0', '0', '0', '0', '0', '0', '0', '0', '0']",1
"['167', '103', '0', '0', '0', '0', '0', '0', '0', '0', '0', '0']",1
"['176', '230', '94', '40', '0', '0', '0', '0', '0', '0', '0', '0']",1
"['99', '180', '0', '0', '0', '0', '0', '0', '0', '0', '0', '0']",1
"['201', '0', '0', '0', '0', '0', '0', '0', '0', '0', '0', '0']",1
"['95', '122', '0', '0', '0', '0', '0', '0', '0', '0', '0', '0']",1
"['166', '157', '0', '0', '0', '0', '0', '0', '0', '0', '0', '0']",1
"['92', '47', '0', '0', '0', '0', '0', '0', '0', '0', '0', '0']",1
"['230', '185', '0', '0', '0', '0', '0', '0', '0', '0', '0', '0']",1
"['31', '58', '0', '0', '0', '0', '0', '0', '0', '0', '0', '0']",1
"['185', '230', '0', '0', '0', '0', '0', '0', '0', '0', '0', '0']",1
"['178', '205', '0', '0', '0', '0', '0', '0', '0', '0', '0', '0']",1
"['221', '212', '158', '167', '0', '0', '0', '0', '0', '0', '0', '0']",1
"['75', '138', '40', '0', '0', '0', '0', '0', '0', '0', '0', '0']",1
"['129', '146', '209', '0', '0', '0', '0', '0', '0', '0', '0', '0']",1
"['104', '0', '0', '0', '0', '0', '0', '0', '0', '0', '0', '0']",1
"['56', '', '', '', '', '0', '0', '0', '0', '0', '0', '0']",1
"['', '', '227', '', '', '0', '0', '0', '0', '0', '0', '0']",1
"['', '', '', '173', '', '0', '0', '0', '0', '0', '0', '0']",1
"['', '', '173', '', '', '0', '0', '0', '0', '0', '0', '0']",1
"['', '', '56', '', '', '0', '0', '0', '0', '0', '0', '0']",1
"['', '227', '', '', '', '0', '0', '0', '0', '0', '0', '0']",1
"['', '', '', '56', '', '0', '0', '0', '0', '0', '0', '0']",1
"['', '', '75', '138', '0', '0', '0', '0', '0', '0', '0', '0']",1
"['212', '', '40', '', '0', '0', '0', '0', '0', '0', '0', '0']",1
"['138', '', '75', '', '0', '0', '0', '0', '0', '0', '0', '0']",1
"['', '', '203', '49', '0', '0', '0', '0', '0', '0', '0', '0']",1
"['', '40', '138', '0', '0', '0', '0', '0', '0', '0', '0', '0']",1
"['75', '212', '', '0', '0', '0', '0', '0', '0', '0', '0', '0']",1
"['138', '', '40', '0', '0', '0', '0', '0', '0', '0', '0', '0']",1
"['139', '95', '0', '0', '0', '0', '0', '0', '0', '0', '0', '0']",1
"['', '217', '0', '0', '0', '0', '0', '0', '0', '0', '0', '0']",1
"['217', '', '0', '0', '0', '0', '0', '0', '0', '0', '0', '0']",1
"['199', '28', '28', '199', '0', '0', '0', '0', '0', '0', '0', '0']",1
"['139', '113', '0', '0', '0', '0', '0', '0', '0', '0', '0', '0']",1
"['93', '138', '0', '0', '0', '0', '0', '0', '0', '0', '0', '0']",1
"['155', '156', '0', '0', '0', '0', '0', '0', '0', '0', '0', '0']",1
"['86', '95', '0', '0', '0', '0', '0', '0', '0', '0', '0', '0']",1
"['120', '165', '0', '0', '0', '0', '0', '0', '0', '0', '0', '0']",1
"['23', '77', '131', '0', '0', '0', '0', '0', '0', '0', '0', '0']",1
"['193', '139', '85', '0', '0', '0', '0', '0', '0', '0', '0', '0']",1
"['228', '210', '192', '165', '147', '129', '0', '0', '0', '0', '0', '0']",1
"['57', '39', '21', '120', '102', '84', '0', '0', '0', '0', '0', '0']",1
"['29', '47', '0', '0', '0', '0', '0', '0', '0', '0', '0', '0']",1
"['99', '135', '0', '0', '0', '0', '0', '0', '0', '0', '0', '0']",1
"['30', '48', '0', '0', '0', '0', '0', '0', '0', '0', '0', '0']",1
"['203', '', '0', '0', '0', '0', '0', '0', '0', '0', '0', '0']",1
"['185', '', '', '0', '0', '0', '0', '0', '0', '0', '0', '0']",1
"['76', '158', '104', '130', '22', '212', '0', '0', '0', '0', '0', '0']",1
"['', '139', '', '0', '0', '0', '0', '0', '0', '0', '0', '0']",1
"['77', '', '', '0', '0', '0', '0', '0', '0', '0', '0', '0']",1
"['196', '', '0', '0', '0', '0', '0', '0', '0', '0', '0', '0']",1
"['24', '', '0', '0', '0', '0', '0', '0', '0', '0', '0', '0']",1
"['40', '31', '', '', '0', '0', '0', '0', '0', '0', '0', '0']",1
"['75', '84', '0', '0', '0', '0', '0', '0', '0', '0', '0', '0']",1
"['145', '82', '145', '82', '145', '0', '0', '0', '0', '0', '0', '0']",1
"['93', '111', '138', '156', '174', '75', '0', '0', '0', '0', '0', '0']",1
"['76', '22', '212', '158', '104', '130', '0', '0', '0', '0', '0', '0']",1
"['99', '233', '161', '63', '0', '0', '0', '0', '0', '0', '0', '0']",1
"['41', '211', '138', '75', '0', '0', '0', '0', '0', '0', '0', '0']",1
"['136', '199', '136', '0', '0', '0', '0', '0', '0', '0', '0', '0']",1
"['128', '191', '138', '75', '0', '0', '0', '0', '0', '0', '0', '0']",1
"['138', '75', '212', '0', '0', '0', '0', '0', '0', '0', '0', '0']",1
"['75', '138', '212', '0', '0', '0', '0', '0', '0', '0', '0', '0']",1
"['212', '84', '0', '0', '0', '0', '0', '0', '0', '0', '0', '0']",1
"['22', '198', '0', '0', '0', '0', '0', '0', '0', '0', '0', '0']",1
"['97', '157', '0', '0', '0', '0', '0', '0', '0', '0', '0', '0']",1
"['75', '216', '0', '0', '0', '0', '0', '0', '0', '0', '0', '0']",1
"['116', '44', '0', '0', '0', '0', '0', '0', '0', '0', '0', '0']",1
"['175', '67', '121', '40', '94', '0', '0', '0', '0', '0', '0', '0']",1
"['174', '138', '156', '83', '101', '0', '0', '0', '0', '0', '0', '0']",1
"['212', '94', '0', '0', '0', '0', '0', '0', '0', '0', '0', '0']",1
"['94', '212', '0', '0', '0', '0', '0', '0', '0', '0', '0', '0']",1
"['56', '227', '209', '38', '191', '20', '0', '0', '0', '0', '0', '0']",1
"['227', '56', '209', '38', '20', '191', '0', '0', '0', '0', '0', '0']",1
"['172', '127', '0', '0', '0', '0', '0', '0', '0', '0', '0', '0']",1
"['75', '138', '74', '0', '0', '0', '0', '0', '0', '0', '0', '0']",1
"['22', '138', '75', '0', '0', '0', '0', '0', '0', '0', '0', '0']",1
"['217', '46', '163', '100', '217', '46', '0', '0', '0', '0', '0', '0']",1
"['28', '199', '82', '145', '0', '0', '0', '0', '0', '0', '0', '0']",1
"['228', '210', '192', '0', '0', '0', '0', '0', '0', '0', '0', '0']",1
"['28', '127', '0', '0', '0', '0', '0', '0', '0', '0', '0', '0']",1
"['28', '195', '0', '0', '0', '0', '0', '0', '0', '0', '0', '0']",1
"['192', '139', '77', '0', '0', '0', '0', '0', '0', '0', '0', '0']",1
"['64', '118', '0', '0', '0', '0', '0', '0', '0', '0', '0', '0']",1
"['82', '145', '217', '0', '0', '0', '0', '0', '0', '0', '0', '0']",1
"['217', '28', '0', '0', '0', '0', '0', '0', '0', '0', '0', '0']",1
"['153', '0', '0', '0', '0', '0', '0', '0', '0', '0', '0', '0']",1
"['63', '215', '0', '0', '0', '0', '0', '0', '0', '0', '0', '0']",1
"['64', '46', '21', '0', '0', '0', '0', '0', '0', '0', '0', '0']",1
"['28', '46', '64', '0', '0', '0', '0', '0', '0', '0', '0', '0']",1
"['77', '131', '185', '175', '121', '67', '0', '0', '0', '0', '0', '0']",1
"['121', '53', '0', '0', '0', '0', '0', '0', '0', '0', '0', '0']",1
"['138', '111', '93', '75', '174', '156', '0', '0', '0', '0', '0', '0']",1
"['22', '137', '0', '0', '0', '0', '0', '0', '0', '0', '0', '0']",1
"['20', '101', '0', '0', '0', '0', '0', '0', '0', '0', '0', '0']",1
"['151', '232', '0', '0', '0', '0', '0', '0', '0', '0', '0', '0']",1
"['138', '60', '0', '0', '0', '0', '0', '0', '0', '0', '0', '0']",1
"['199', '75', '0', '0', '0', '0', '0', '0', '0', '0', '0', '0']",1
"['22', '233', '0', '0', '0', '0', '0', '0', '0', '0', '0', '0']",1
"['194', '25', '0', '0', '0', '0', '0', '0', '0', '0', '0', '0']",1
"['28', '145', '28', '0', '0', '0', '0', '0', '0', '0', '0', '0']",1
"['28', '145', '92', '0', '0', '0', '0', '0', '0', '0', '0', '0']",1
"['75', '74', '75', '0', '0', '0', '0', '0', '0', '0', '0', '0']",1
"['49', '75', '0', '0', '0', '0', '0', '0', '0', '0', '0', '0']",1
"['138', '137', '138', '0', '0', '0', '0', '0', '0', '0', '0', '0']",1
"['60', '96', '0', '0', '0', '0', '0', '0', '0', '0', '0', '0']",1
"['173', '', '', '', '', '', '', '92', '110', '155', '0', '0']",1
"['28', '199', '', '', '', '', '110', '173', '155', '', '92', '']",1
"['', '', '', '', '155', '', '173', '92', '', '110', '0', '0']",1
"['', '41', '211', '', '0', '0', '0', '0', '0', '0', '0', '0']",1
"['110', '173', '', '', '0', '0', '0', '0', '0', '0', '0', '0']",1
"['235', '28', '28', '28', '0', '0', '0', '0', '0', '0', '0', '0']",1
"['28', '235', '28', '28', '0', '0', '0', '0', '0', '0', '0', '0']",1
"['', '173', '110', '', '0', '0', '0', '0', '0', '0', '0', '0']",1
"['199', '28', '', '', '173', '110', '0', '0', '0', '0', '0', '0']",1
"['28', '28', '28', '235', '0', '0', '0', '0', '0', '0', '0', '0']",1
"['22', '194', '22', '0', '0', '0', '0', '0', '0', '0', '0', '0']",1
"['217', '82', '145', '0', '0', '0', '0', '0', '0', '0', '0', '0']",1
"['138', '74', '137', '0', '0', '0', '0', '0', '0', '0', '0', '0']",1
"['110', '156', '0', '0', '0', '0', '0', '0', '0', '0', '0', '0']",1
"['212', '114', '0', '0', '0', '0', '0', '0', '0', '0', '0', '0']",1
"['91', '110', '173', '0', '0', '0', '0', '0', '0', '0', '0', '0']",1
"['164', '191', '209', '0', '0', '0', '0', '0', '0', '0', '0', '0']",1
"['82', '136', '190', '0', '0', '0', '0', '0', '0', '0', '0', '0']",1
"['127', '73', '0', '0', '0', '0', '0', '0', '0', '0', '0', '0']",1
"['145', '91', '37', '0', '0', '0', '0', '0', '0', '0', '0', '0']",1
"['28', '91', '28', '0', '0', '0', '0', '0', '0', '0', '0', '0']",1
"['192', '137', '192', '0', '0', '0', '0', '0', '0', '0', '0', '0']",1
"['21', '74', '21', '0', '0', '0', '0', '0', '0', '0', '0', '0']",1
"['142', '217', '177', '0', '0', '0', '0', '0', '0', '0', '0', '0']",1
"['56', '118', '0', '0', '0', '0', '0', '0', '0', '0', '0', '0']",1
"['136', '82', '0', '0', '0', '0', '0', '0', '0', '0', '0', '0']",1
"['91', '37', '91', '0', '0', '0', '0', '0', '0', '0', '0', '0']",1
"['191', '75', '0', '0', '0', '0', '0', '0', '0', '0', '0', '0']",1
"['20', '137', '75', '0', '0', '0', '0', '0', '0', '0', '0', '0']",1
"['91', '145', '91', '0', '0', '0', '0', '0', '0', '0', '0', '0']",1
"['175', '67', '95', '149', '203', '121', '0', '0', '0', '0', '0', '0']",1
"['122', '52', '176', '0', '0', '0', '0', '0', '0', '0', '0', '0']",1
"['112', '166', '204', '0', '0', '0', '0', '0', '0', '0', '0', '0']",1
"['144', '108', '80', '152', '0', '0', '0', '0', '0', '0', '0', '0']",1
"['28', '136', '82', '190', '0', '0', '0', '0', '0', '0', '0', '0']",1
"['154', '208', '0', '0', '0', '0', '0', '0', '0', '0', '0', '0']",1
"['175', '53', '121', '0', '0', '0', '0', '0', '0', '0', '0', '0']",1
"['28', '145', '28', '91', '28', '28', '145', '28', '28', '0', '0', '0']",1
"['136', '136', '0', '0', '0', '0', '0', '0', '0', '0', '0', '0']",1
"['57', '228', '0', '0', '0', '0', '0', '0', '0', '0', '0', '0']",1
"['26', '198', '162', '98', '0', '0', '0', '0', '0', '0', '0', '0']",1
"['153', '35', '189', '107', '0', '0', '0', '0', '0', '0', '0', '0']",1
"['162', '198', '26', '98', '0', '0', '0', '0', '0', '0', '0', '0']",1
"['208', '', '', '', '', '154', '0', '0', '0', '0', '0', '0']",1
"['', '', '', '', '217', '', '', '163', '0', '0', '0', '0']",1
"['', '', '', '55', '', '109', '0', '0', '0', '0', '0', '0']",1
"['60', '96', '123', '159', '0', '0', '0', '0', '0', '0', '0', '0']",1
"['', '', '', '', '', '', '227', '56', '0', '0', '0', '0']",1
"['169', '97', '232', '160', '0', '0', '0', '0', '0', '0', '0', '0']",1
"['', '46', '217', '', '', '', '', '', '', '', '0', '0']",1
"['64', '191', '0', '0', '0', '0', '0', '0', '0', '0', '0', '0']",1
"['217', '163', '', '', '', '', '', '', '0', '0', '0', '0']",1
"['55', '109', '', '', '', '', '0', '0', '0', '0', '0', '0']",1
"['46', '199', '100', '145', '0', '0', '0', '0', '0', '0', '0', '0']",1
"['159', '60', '96', '123', '0', '0', '0', '0', '0', '0', '0', '0']",1
"['', '', '', '56', '227', '', '', '', '0', '0', '0', '0']",1
"['160', '169', '97', '232', '0', '0', '0', '0', '0', '0', '0', '0']",1
"['', '', '', '', '', '227', '56', '', '0', '0', '0', '0']",1
"['141', '42', '78', '105', '0', '0', '0', '0', '0', '0', '0', '0']",1
"['108', '81', '45', '144', '0', '0', '0', '0', '0', '0', '0', '0']",1
"['79', '214', '142', '151', '0', '0', '0', '0', '0', '0', '0', '0']",1
"['215', '80', '152', '143', '0', '0', '0', '0', '0', '0', '0', '0']",1
"['60', '159', '123', '96', '0', '0', '0', '0', '0', '0', '0', '0']",1
"['169', '160', '232', '97', '0', '0', '0', '0', '0', '0', '0', '0']",1
"['', '227', '', '', '', '', '', '56', '0', '0', '0', '0']",1
"['21', '137', '0', '0', '0', '0', '0', '0', '0', '0', '0', '0']",2
"['76', '103', '0', '0', '0', '0', '0', '0', '0', '0', '0', '0']",2
"['35', '189', '0', '0', '0', '0', '0', '0', '0', '0', '0', '0']",2
"['137', '138', '0', '0', '0', '0', '0', '0', '0', '0', '0', '0']",2
"['96', '160', '0', '0', '0', '0', '0', '0', '0', '0', '0', '0']",2
"['27', '197', '0', '0', '0', '0', '0', '0', '0', '0', '0', '0']",2
"['132', '213', '0', '0', '0', '0', '0', '0', '0', '0', '0', '0']",2
"['29', '182', '0', '0', '0', '0', '0', '0', '0', '0', '0', '0']",2
"['84', '40', '0', '0', '0', '0', '0', '0', '0', '0', '0', '0']",2
"['22', '138', '0', '0', '0', '0', '0', '0', '0', '0', '0', '0']",2
"['172', '0', '0', '0', '0', '0', '0', '0', '0', '0', '0', '0']",2
"['107', '0', '0', '0', '0', '0', '0', '0', '0', '0', '0', '0']",2
"['45', '215', '0', '0', '0', '0', '0', '0', '0', '0', '0', '0']",2
"['92', '74', '0', '0', '0', '0', '0', '0', '0', '0', '0', '0']",2
"['112', '0', '0', '0', '0', '0', '0', '0', '0', '0', '0', '0']",2
"['232', '40', '0', '0', '0', '0', '0', '0', '0', '0', '0', '0']",2
"['143', '26', '0', '0', '0', '0', '0', '0', '0', '0', '0', '0']",2
"['137', '163', '0', '0', '0', '0', '0', '0', '0', '0', '0', '0']",2
"['143', '40', '0', '0', '0', '0', '0', '0', '0', '0', '0', '0']",2
"['214', '142', '0', '0', '0', '0', '0', '0', '0', '0', '0', '0']",2
"['192', '210', '21', '39', '0', '0', '0', '0', '0', '0', '0', '0']",2
"['81', '45', '0', '0', '0', '0', '0', '0', '0', '0', '0', '0']",2
"['191', '129', '128', '0', '0', '0', '0', '0', '0', '0', '0', '0']",2
"['191', '75', '74', '0', '0', '0', '0', '0', '0', '0', '0', '0']",2
"['233', '63', '0', '0', '0', '0', '0', '0', '0', '0', '0', '0']",2
"['104', '158', '0', '0', '0', '0', '0', '0', '0', '0', '0', '0']",2
"['138', '20', '0', '0', '0', '0', '0', '0', '0', '0', '0', '0']",2
"['74', '29', '0', '0', '0', '0', '0', '0', '0', '0', '0', '0']",2
"['160', '232', '96', '60', '0', '0', '0', '0', '0', '0', '0', '0']",2
"['160', '96', '60', '232', '0', '0', '0', '0', '0', '0', '0', '0']",2
"['195', '198', '0', '0', '0', '0', '0', '0', '0', '0', '0', '0']",2
"['25', '192', '0', '0', '0', '0', '0', '0', '0', '0', '0', '0']",2
"['63', '233', '0', '0', '0', '0', '0', '0', '0', '0', '0', '0']",2
"['137', '212', '0', '0', '0', '0', '0', '0', '0', '0', '0', '0']",2
"['232', '74', '0', '0', '0', '0', '0', '0', '0', '0', '0', '0']",2
"['40', '75', '138', '0', '0', '0', '0', '0', '0', '0', '0', '0']",2
"['94', '192', '0', '0', '0', '0', '0', '0', '0', '0', '0', '0']",2
"['192', '129', '191', '0', '0', '0', '0', '0', '0', '0', '0', '0']",2
"['21', '212', '0', '0', '0', '0', '0', '0', '0', '0', '0', '0']",2
"['40', '84', '0', '0', '0', '0', '0', '0', '0', '0', '0', '0']",2
"['153', '189', '0', '0', '0', '0', '0', '0', '0', '0', '0', '0']",2
"['233', '0', '0', '0', '0', '0', '0', '0', '0', '0', '0', '0']",2
"['98', '143', '0', '0', '0', '0', '0', '0', '0', '0', '0', '0']",2
"['162', '81', '0', '0', '0', '0', '0', '0', '0', '0', '0', '0']",2
"['88', '0', '0', '0', '0', '0', '0', '0', '0', '0', '0', '0']",2
"['80', '232', '0', '0', '0', '0', '0', '0', '0', '0', '0', '0']",2
"['144', '60', '0', '0', '0', '0', '0', '0', '0', '0', '0', '0']",2
"['40', '157', '0', '0', '0', '0', '0', '0', '0', '0', '0', '0']",2
"['137', '23', '0', '0', '0', '0', '0', '0', '0', '0', '0', '0']",2
"['138', '22', '0', '0', '0', '0', '0', '0', '0', '0', '0', '0']",2
"['133', '0', '0', '0', '0', '0', '0', '0', '0', '0', '0', '0']",2
"['155', '38', '0', '0', '0', '0', '0', '0', '0', '0', '0', '0']",2
"['160', '97', '0', '0', '0', '0', '0', '0', '0', '0', '0', '0']",2
"['98', '26', '198', '162', '0', '0', '0', '0', '0', '0', '0', '0']",2
"['138', '26', '0', '0', '0', '0', '0', '0', '0', '0', '0', '0']",2
"['232', '26', '0', '0', '0', '0', '0', '0', '0', '0', '0', '0']",2
"['', '198', '0', '0', '0', '0', '0', '0', '0', '0', '0', '0']",2
"['', '46', '0', '0', '0', '0', '0', '0', '0', '0', '0', '0']",2
"['40', '', '31', '0', '0', '0', '0', '0', '0', '0', '0', '0']",2
"['60', '123', '0', '0', '0', '0', '0', '0', '0', '0', '0', '0']",2
"['121', '0', '0', '0', '0', '0', '0', '0', '0', '0', '0', '0']",2
"['156', '92', '0', '0', '0', '0', '0', '0', '0', '0', '0', '0']",2
"['131', '185', '0', '0', '0', '0', '0', '0', '0', '0', '0', '0']",2
"['31', '85', '0', '0', '0', '0', '0', '0', '0', '0', '0', '0']",2
"['92', '156', '0', '0', '0', '0', '0', '0', '0', '0', '0', '0']",2
"['158', '130', '0', '0', '0', '0', '0', '0', '0', '0', '0', '0']",2
"['93', '155', '0', '0', '0', '0', '0', '0', '0', '0', '0', '0']",2
"['193', '139', '0', '0', '0', '0', '0', '0', '0', '0', '0', '0']",2
"['141', '79', '0', '0', '0', '0', '0', '0', '0', '0', '0', '0']",2
"['211', '157', '41', '95', '0', '0', '0', '0', '0', '0', '0', '0']",2
"['82', '145', '82', '145', '0', '0', '0', '0', '0', '0', '0', '0']",2
"['212', '40', '138', '0', '0', '0', '0', '0', '0', '0', '0', '0']",2
"['75', '158', '0', '0', '0', '0', '0', '0', '0', '0', '0', '0']",2
"['156', '138', '75', '93', '0', '0', '0', '0', '0', '0', '0', '0']",2
"['138', '42', '0', '0', '0', '0', '0', '0', '0', '0', '0', '0']",2
"['75', '232', '0', '0', '0', '0', '0', '0', '0', '0', '0', '0']",2
"['163', '199', '0', '0', '0', '0', '0', '0', '0', '0', '0', '0']",2
"['155', '137', '0', '0', '0', '0', '0', '0', '0', '0', '0', '0']",2
"['175', '0', '0', '0', '0', '0', '0', '0', '0', '0', '0', '0']",2
"['129', '147', '0', '0', '0', '0', '0', '0', '0', '0', '0', '0']",2
"['42', '198', '0', '0', '0', '0', '0', '0', '0', '0', '0', '0']",2
"['169', '232', '0', '0', '0', '0', '0', '0', '0', '0', '0', '0']",2
"['38', '20', '0', '0', '0', '0', '0', '0', '0', '0', '0', '0']",2
"['113', '0', '0', '0', '0', '0', '0', '0', '0', '0', '0', '0']",2
"['138', '81', '0', '0', '0', '0', '0', '0', '0', '0', '0', '0']",2
"['199', '217', '235', '0', '0', '0', '0', '0', '0', '0', '0', '0']",2
"['191', '40', '0', '0', '0', '0', '0', '0', '0', '0', '0', '0']",2
"['91', '145', '199', '0', '0', '0', '0', '0', '0', '0', '0', '0']",2
"['157', '130', '0', '0', '0', '0', '0', '0', '0', '0', '0', '0']",2
"['150', '0', '0', '0', '0', '0', '0', '0', '0', '0', '0', '0']",2
"['145', '82', '82', '145', '0', '0', '0', '0', '0', '0', '0', '0']",2
"['26', '192', '0', '0', '0', '0', '0', '0', '0', '0', '0', '0']",2
"['144', '81', '0', '0', '0', '0', '0', '0', '0', '0', '0', '0']",2
"['119', '164', '0', '0', '0', '0', '0', '0', '0', '0', '0', '0']",2
"['39', '116', '21', '0', '0', '0', '0', '0', '0', '0', '0', '0']",2
"['142', '214', '0', '0', '0', '0', '0', '0', '0', '0', '0', '0']",2
"['34', '0', '0', '0', '0', '0', '0', '0', '0', '0', '0', '0']",2
"['89', '135', '0', '0', '0', '0', '0', '0', '0', '0', '0', '0']",2
"['174', '156', '0', '0', '0', '0', '0', '0', '0', '0', '0', '0']",2
"['102', '84', '0', '0', '0', '0', '0', '0', '0', '0', '0', '0']",2
"['155', '93', '0', '0', '0', '0', '0', '0', '0', '0', '0', '0']",2
"['145', '82', '82', '0', '0', '0', '0', '0', '0', '0', '0', '0']",2
"['38', '210', '0', '0', '0', '0', '0', '0', '0', '0', '0', '0']",2
"['93', '138', '156', '75', '0', '0', '0', '0', '0', '0', '0', '0']",2
"['175', '77', '0', '0', '0', '0', '0', '0', '0', '0', '0', '0']",2
"['130', '22', '76', '0', '0', '0', '0', '0', '0', '0', '0', '0']",2
"['92', '110', '0', '0', '0', '0', '0', '0', '0', '0', '0', '0']",2
"['94', '140', '0', '0', '0', '0', '0', '0', '0', '0', '0', '0']",2
"['103', '77', '0', '0', '0', '0', '0', '0', '0', '0', '0', '0']",2
"['210', '192', '228', '0', '0', '0', '0', '0', '0', '0', '0', '0']",2
"['157', '232', '0', '0', '0', '0', '0', '0', '0', '0', '0', '0']",2
"['147', '102', '0', '0', '0', '0', '0', '0', '0', '0', '0', '0']",2
"['197', '27', '0', '0', '0', '0', '0', '0', '0', '0', '0', '0']",2
"['93', '82', '156', '145', '0', '0', '0', '0', '0', '0', '0', '0']",2
"['156', '138', '93', '75', '0', '0', '0', '0', '0', '0', '0', '0']",2
"['21', '28', '0', '0', '0', '0', '0', '0', '0', '0', '0', '0']",2
"['82', '93', '156', '145', '0', '0', '0', '0', '0', '0', '0', '0']",2
"['93', '156', '75', '138', '0', '0', '0', '0', '0', '0', '0', '0']",2
"['56', '38', '0', '0', '0', '0', '0', '0', '0', '0', '0', '0']",2
"['40', '155', '0', '0', '0', '0', '0', '0', '0', '0', '0', '0']",2
"['155', '75', '0', '0', '0', '0', '0', '0', '0', '0', '0', '0']",2
"['155', '40', '0', '0', '0', '0', '0', '0', '0', '0', '0', '0']",2
"['94', '209', '0', '0', '0', '0', '0', '0', '0', '0', '0', '0']",2
"['203', '232', '0', '0', '0', '0', '0', '0', '0', '0', '0', '0']",2
"['159', '97', '0', '0', '0', '0', '0', '0', '0', '0', '0', '0']",2
"['', '', '21', '84', '0', '0', '0', '0', '0', '0', '0', '0']",2
"['57', '39', '21', '0', '0', '0', '0', '0', '0', '0', '0', '0']",2
"['40', '198', '0', '0', '0', '0', '0', '0', '0', '0', '0', '0']",2
"['198', '40', '0', '0', '0', '0', '0', '0', '0', '0', '0', '0']",2
"['87', '0', '0', '0', '0', '0', '0', '0', '0', '0', '0', '0']",2
"['138', '75', '', '', '0', '0', '0', '0', '0', '0', '0', '0']",2
"['76', '131', '0', '0', '0', '0', '0', '0', '0', '0', '0', '0']",2
"['198', '134', '0', '0', '0', '0', '0', '0', '0', '0', '0', '0']",2
"['124', '0', '0', '0', '0', '0', '0', '0', '0', '0', '0', '0']",2
"['181', '82', '0', '0', '0', '0', '0', '0', '0', '0', '0', '0']",2
"['145', '46', '0', '0', '0', '0', '0', '0', '0', '0', '0', '0']",2
"['138', '93', '156', '75', '0', '0', '0', '0', '0', '0', '0', '0']",2
"['115', '0', '0', '0', '0', '0', '0', '0', '0', '0', '0', '0']",2
"['210', '209', '0', '0', '0', '0', '0', '0', '0', '0', '0', '0']",2
"['39', '38', '0', '0', '0', '0', '0', '0', '0', '0', '0', '0']",2
"['173', '155', '0', '0', '0', '0', '0', '0', '0', '0', '0', '0']",2
"['110', '92', '0', '0', '0', '0', '0', '0', '0', '0', '0', '0']",2
"['', '', '91', '0', '0', '0', '0', '0', '0', '0', '0', '0']",2
"['', '', '136', '0', '0', '0', '0', '0', '0', '0', '0', '0']",2
"['', '', '154', '0', '0', '0', '0', '0', '0', '0', '0', '0']",2
"['123', '169', '0', '0', '0', '0', '0', '0', '0', '0', '0', '0']",2
"['138', '163', '0', '0', '0', '0', '0', '0', '0', '0', '0', '0']",2
"['177', '0', '0', '0', '0', '0', '0', '0', '0', '0', '0', '0']",2
"['163', '137', '0', '0', '0', '0', '0', '0', '0', '0', '0', '0']",2
"['100', '46', '0', '0', '0', '0', '0', '0', '0', '0', '0', '0']",2
"['22', '140', '0', '0', '0', '0', '0', '0', '0', '0', '0', '0']",2
"['21', '138', '74', '0', '0', '0', '0', '0', '0', '0', '0', '0']",2
"['137', '41', '0', '0', '0', '0', '0', '0', '0', '0', '0', '0']",2
"['', '', '', '', '56', '0', '0', '0', '0', '0', '0', '0']",2
"['', '', '', '227', '', '0', '0', '0', '0', '0', '0', '0']",2
"['139', '148', '0', '0', '0', '0', '0', '0', '0', '0', '0', '0']",2
"['120', '0', '0', '0', '0', '0', '0', '0', '0', '0', '0', '0']",2
"['184', '0', '0', '0', '0', '0', '0', '0', '0', '0', '0', '0']",2
"['132', '0', '0', '0', '0', '0', '0', '0', '0', '0', '0', '0']",2
"['189', '153', '0', '0', '0', '0', '0', '0', '0', '0', '0', '0']",2
"['129', '138', '0', '0', '0', '0', '0', '0', '0', '0', '0', '0']",2
"['95', '158', '0', '0', '0', '0', '0', '0', '0', '0', '0', '0']",2
"['158', '40', '0', '0', '0', '0', '0', '0', '0', '0', '0', '0']",2
"['25', '106', '0', '0', '0', '0', '0', '0', '0', '0', '0', '0']",2
"['21', '20', '21', '0', '0', '0', '0', '0', '0', '0', '0', '0']",2
"['91', '28', '91', '28', '91', '28', '0', '0', '0', '0', '0', '0']",2
"['28', '82', '136', '0', '0', '0', '0', '0', '0', '0', '0', '0']",2
"['145', '82', '217', '0', '0', '0', '0', '0', '0', '0', '0', '0']",2
"['217', '82', '0', '0', '0', '0', '0', '0', '0', '0', '0', '0']",2
"['28', '28', '235', '0', '0', '0', '0', '0', '0', '0', '0', '0']",2
"['64', '235', '46', '0', '0', '0', '0', '0', '0', '0', '0', '0']",2
"['91', '37', '0', '0', '0', '0', '0', '0', '0', '0', '0', '0']",2
"['37', '91', '145', '0', '0', '0', '0', '0', '0', '0', '0', '0']",2
"['91', '145', '0', '0', '0', '0', '0', '0', '0', '0', '0', '0']",2
"['28', '163', '0', '0', '0', '0', '0', '0', '0', '0', '0', '0']",2
"['46', '', '', '', '100', '', '', '', '0', '0', '0', '0']",2
"['', '', '', '227', '56', '', '', '', '0', '0', '0', '0']",2
"['189', '35', '0', '0', '0', '0', '0', '0', '0', '0', '0', '0']",3
"['74', '75', '0', '0', '0', '0', '0', '0', '0', '0', '0', '0']",3
"['162', '98', '0', '0', '0', '0', '0', '0', '0', '0', '0', '0']",3
"['47', '200', '0', '0', '0', '0', '0', '0', '0', '0', '0', '0']",3
"['', '192', '0', '0', '0', '0', '0', '0', '0', '0', '0', '0']",3
"['30', '75', '0', '0', '0', '0', '0', '0', '0', '0', '0', '0']",3
"['94', '40', '85', '31', '0', '0', '0', '0', '0', '0', '0', '0']",3
"['212', '129', '0', '0', '0', '0', '0', '0', '0', '0', '0', '0']",3
"['77', '131', '0', '0', '0', '0', '0', '0', '0', '0', '0', '0']",3
"['193', '194', '0', '0', '0', '0', '0', '0', '0', '0', '0', '0']",3
"['145', '82', '145', '82', '0', '0', '0', '0', '0', '0', '0', '0']",3
"['212', '74', '0', '0', '0', '0', '0', '0', '0', '0', '0', '0']",3
"['41', '212', '0', '0', '0', '0', '0', '0', '0', '0', '0', '0']",3
"['57', '0', '0', '0', '0', '0', '0', '0', '0', '0', '0', '0']",3
"['191', '21', '20', '0', '0', '0', '0', '0', '0', '0', '0', '0']",3
"['95', '85', '0', '0', '0', '0', '0', '0', '0', '0', '0', '0']",3
"['96', '60', '0', '0', '0', '0', '0', '0', '0', '0', '0', '0']",3
"['20', '191', '75', '138', '0', '0', '0', '0', '0', '0', '0', '0']",3
"['191', '20', '138', '75', '0', '0', '0', '0', '0', '0', '0', '0']",3
"['140', '149', '0', '0', '0', '0', '0', '0', '0', '0', '0', '0']",3
"['119', '56', '0', '0', '0', '0', '0', '0', '0', '0', '0', '0']",3
"['139', '193', '0', '0', '0', '0', '0', '0', '0', '0', '0', '0']",3
"['77', '23', '0', '0', '0', '0', '0', '0', '0', '0', '0', '0']",3
"['26', '138', '0', '0', '0', '0', '0', '0', '0', '0', '0', '0']",3
"['198', '60', '0', '0', '0', '0', '0', '0', '0', '0', '0', '0']",3
"['25', '195', '0', '0', '0', '0', '0', '0', '0', '0', '0', '0']",3
"['50', '0', '0', '0', '0', '0', '0', '0', '0', '0', '0', '0']",3
"['202', '0', '0', '0', '0', '0', '0', '0', '0', '0', '0', '0']",3
"['138', '183', '0', '0', '0', '0', '0', '0', '0', '0', '0', '0']",3
"['88', '25', '0', '0', '0', '0', '0', '0', '0', '0', '0', '0']",3
"['82', '28', '0', '0', '0', '0', '0', '0', '0', '0', '0', '0']",3
"['84', '102', '0', '0', '0', '0', '0', '0', '0', '0', '0', '0']",3
"['192', '74', '0', '0', '0', '0', '0', '0', '0', '0', '0', '0']",3
"['143', '214', '0', '0', '0', '0', '0', '0', '0', '0', '0', '0']",3
"['74', '212', '0', '0', '0', '0', '0', '0', '0', '0', '0', '0']",3
"['21', '198', '0', '0', '0', '0', '0', '0', '0', '0', '0', '0']",3
"['177', '115', '0', '0', '0', '0', '0', '0', '0', '0', '0', '0']",3
"['27', '0', '0', '0', '0', '0', '0', '0', '0', '0', '0', '0']",3
"['74', '92', '0', '0', '0', '0', '0', '0', '0', '0', '0', '0']",3
"['147', '129', '0', '0', '0', '0', '0', '0', '0', '0', '0', '0']",3
"['74', '192', '0', '0', '0', '0', '0', '0', '0', '0', '0', '0']",3
"['98', '26', '162', '198', '0', '0', '0', '0', '0', '0', '0', '0']",3
"['77', '104', '0', '0', '0', '0', '0', '0', '0', '0', '0', '0']",3
"['89', '161', '0', '0', '0', '0', '0', '0', '0', '0', '0', '0']",3
"['221', '0', '0', '0', '0', '0', '0', '0', '0', '0', '0', '0']",3
"['148', '139', '0', '0', '0', '0', '0', '0', '0', '0', '0', '0']",3
"['138', '', '', '75', '0', '0', '0', '0', '0', '0', '0', '0']",3
"['143', '215', '0', '0', '0', '0', '0', '0', '0', '0', '0', '0']",3
"['181', '64', '0', '0', '0', '0', '0', '0', '0', '0', '0', '0']",3
"['90', '26', '0', '0', '0', '0', '0', '0', '0', '0', '0', '0']",3
"['168', '0', '0', '0', '0', '0', '0', '0', '0', '0', '0', '0']",3
"['217', '118', '0', '0', '0', '0', '0', '0', '0', '0', '0', '0']",3
"['203', '149', '0', '0', '0', '0', '0', '0', '0', '0', '0', '0']",3
"['44', '216', '0', '0', '0', '0', '0', '0', '0', '0', '0', '0']",3
"['138', '145', '0', '0', '0', '0', '0', '0', '0', '0', '0', '0']",3
"['100', '74', '0', '0', '0', '0', '0', '0', '0', '0', '0', '0']",3
"['84', '60', '0', '0', '0', '0', '0', '0', '0', '0', '0', '0']",3
"['145', '156', '0', '0', '0', '0', '0', '0', '0', '0', '0', '0']",3
"['158', '217', '0', '0', '0', '0', '0', '0', '0', '0', '0', '0']",3
"['103', '167', '0', '0', '0', '0', '0', '0', '0', '0', '0', '0']",3
"['158', '112', '0', '0', '0', '0', '0', '0', '0', '0', '0', '0']",3
"['148', '175', '0', '0', '0', '0', '0', '0', '0', '0', '0', '0']",3
"['200', '0', '0', '0', '0', '0', '0', '0', '0', '0', '0', '0']",3
"['130', '86', '0', '0', '0', '0', '0', '0', '0', '0', '0', '0']",3
"['199', '136', '199', '0', '0', '0', '0', '0', '0', '0', '0', '0']",3
"['136', '91', '0', '0', '0', '0', '0', '0', '0', '0', '0', '0']",3
"['163', '28', '0', '0', '0', '0', '0', '0', '0', '0', '0', '0']",3
"['163', '100', '163', '0', '0', '0', '0', '0', '0', '0', '0', '0']",3
"['155', '110', '0', '0', '0', '0', '0', '0', '0', '0', '0', '0']",3
"['28', '28', '28', '0', '0', '0', '0', '0', '0', '0', '0', '0']",3
"['137', '92', '0', '0', '0', '0', '0', '0', '0', '0', '0', '0']",3
"['191', '64', '0', '0', '0', '0', '0', '0', '0', '0', '0', '0']",3
"['20', '235', '0', '0', '0', '0', '0', '0', '0', '0', '0', '0']",3
"['127', '64', '0', '0', '0', '0', '0', '0', '0', '0', '0', '0']",3
"['212', '110', '0', '0', '0', '0', '0', '0', '0', '0', '0', '0']",4
"['20', '21', '0', '0', '0', '0', '0', '0', '0', '0', '0', '0']",4
"['134', '198', '0', '0', '0', '0', '0', '0', '0', '0', '0', '0']",4
"['191', '129', '0', '0', '0', '0', '0', '0', '0', '0', '0', '0']",4
"['26', '214', '0', '0', '0', '0', '0', '0', '0', '0', '0', '0']",4
"['198', '42', '0', '0', '0', '0', '0', '0', '0', '0', '0', '0']",4
"['145', '28', '0', '0', '0', '0', '0', '0', '0', '0', '0', '0']",4
"['28', '145', '0', '0', '0', '0', '0', '0', '0', '0', '0', '0']",4
"['195', '25', '0', '0', '0', '0', '0', '0', '0', '0', '0', '0']",4
"['', '', '', '', '', '', '0', '0', '0', '0', '0', '0']",4
"['209', '146', '0', '0', '0', '0', '0', '0', '0', '0', '0', '0']",4
"['55', '0', '0', '0', '0', '0', '0', '0', '0', '0', '0', '0']",4
"['93', '210', '0', '0', '0', '0', '0', '0', '0', '0', '0', '0']",4
"['167', '0', '0', '0', '0', '0', '0', '0', '0', '0', '0', '0']",4
"['78', '42', '0', '0', '0', '0', '0', '0', '0', '0', '0', '0']",4
"['208', '0', '0', '0', '0', '0', '0', '0', '0', '0', '0', '0']",4
"['123', '42', '0', '0', '0', '0', '0', '0', '0', '0', '0', '0']",4
"['79', '0', '0', '0', '0', '0', '0', '0', '0', '0', '0', '0']",4
"['146', '209', '0', '0', '0', '0', '0', '0', '0', '0', '0', '0']",4
"['148', '0', '0', '0', '0', '0', '0', '0', '0', '0', '0', '0']",4
"['75', '198', '0', '0', '0', '0', '0', '0', '0', '0', '0', '0']",4
"['232', '169', '0', '0', '0', '0', '0', '0', '0', '0', '0', '0']",4
"['48', '0', '0', '0', '0', '0', '0', '0', '0', '0', '0', '0']",4
"['23', '77', '0', '0', '0', '0', '0', '0', '0', '0', '0', '0']",4
"['47', '0', '0', '0', '0', '0', '0', '0', '0', '0', '0', '0']",4
"['136', '190', '0', '0', '0', '0', '0', '0', '0', '0', '0', '0']",4
"['136', '0', '0', '0', '0', '0', '0', '0', '0', '0', '0', '0']",4
"['20', '38', '0', '0', '0', '0', '0', '0', '0', '0', '0', '0']",4
"['45', '0', '0', '0', '0', '0', '0', '0', '0', '0', '0', '0']",4
"['24', '196', '0', '0', '0', '0', '0', '0', '0', '0', '0', '0']",4
"['138', '191', '0', '0', '0', '0', '0', '0', '0', '0', '0', '0']",4
"['75', '20', '0', '0', '0', '0', '0', '0', '0', '0', '0', '0']",4
"['147', '0', '0', '0', '0', '0', '0', '0', '0', '0', '0', '0']",4
"['119', '0', '0', '0', '0', '0', '0', '0', '0', '0', '0', '0']",4
"['144', '80', '0', '0', '0', '0', '0', '0', '0', '0', '0', '0']",4
"['53', '0', '0', '0', '0', '0', '0', '0', '0', '0', '0', '0']",4
"['102', '147', '0', '0', '0', '0', '0', '0', '0', '0', '0', '0']",4
"['135', '89', '0', '0', '0', '0', '0', '0', '0', '0', '0', '0']",4
"['164', '119', '0', '0', '0', '0', '0', '0', '0', '0', '0', '0']",4
"['104', '77', '0', '0', '0', '0', '0', '0', '0', '0', '0', '0']",4
"['93', '156', '138', '75', '0', '0', '0', '0', '0', '0', '0', '0']",4
"['75', '93', '156', '138', '0', '0', '0', '0', '0', '0', '0', '0']",4
"['106', '232', '0', '0', '0', '0', '0', '0', '0', '0', '0', '0']",4
"['150', '60', '0', '0', '0', '0', '0', '0', '0', '0', '0', '0']",4
"['81', '143', '0', '0', '0', '0', '0', '0', '0', '0', '0', '0']",4
"['235', '118', '0', '0', '0', '0', '0', '0', '0', '0', '0', '0']",4
"['75', '100', '0', '0', '0', '0', '0', '0', '0', '0', '0', '0']",4
"['22', '23', '0', '0', '0', '0', '0', '0', '0', '0', '0', '0']",4
"['194', '193', '0', '0', '0', '0', '0', '0', '0', '0', '0', '0']",4
"['75', '82', '0', '0', '0', '0', '0', '0', '0', '0', '0', '0']",4
"['156', '145', '0', '0', '0', '0', '0', '0', '0', '0', '0', '0']",4
"['232', '129', '0', '0', '0', '0', '0', '0', '0', '0', '0', '0']",4
"['216', '44', '0', '0', '0', '0', '0', '0', '0', '0', '0', '0']",4
"['56', '119', '0', '0', '0', '0', '0', '0', '0', '0', '0', '0']",4
"['149', '176', '0', '0', '0', '0', '0', '0', '0', '0', '0', '0']",4
"['104', '113', '0', '0', '0', '0', '0', '0', '0', '0', '0', '0']",4
"['217', '136', '0', '0', '0', '0', '0', '0', '0', '0', '0', '0']",4
"['91', '28', '91', '0', '0', '0', '0', '0', '0', '0', '0', '0']",4
"['158', '21', '0', '0', '0', '0', '0', '0', '0', '0', '0', '0']",5
"['128', '192', '0', '0', '0', '0', '0', '0', '0', '0', '0', '0']",5
"['21', '83', '0', '0', '0', '0', '0', '0', '0', '0', '0', '0']",5
"['199', '145', '0', '0', '0', '0', '0', '0', '0', '0', '0', '0']",5
"['75', '93', '138', '156', '0', '0', '0', '0', '0', '0', '0', '0']",5
"['102', '39', '0', '0', '0', '0', '0', '0', '0', '0', '0', '0']",5
"['100', '0', '0', '0', '0', '0', '0', '0', '0', '0', '0', '0']",5
"['230', '58', '0', '0', '0', '0', '0', '0', '0', '0', '0', '0']",5
"['107', '35', '0', '0', '0', '0', '0', '0', '0', '0', '0', '0']",5
"['63', '0', '0', '0', '0', '0', '0', '0', '0', '0', '0', '0']",5
"['78', '162', '0', '0', '0', '0', '0', '0', '0', '0', '0', '0']",5
"['169', '214', '0', '0', '0', '0', '0', '0', '0', '0', '0', '0']",5
"['101', '0', '0', '0', '0', '0', '0', '0', '0', '0', '0', '0']",5
"['101', '38', '0', '0', '0', '0', '0', '0', '0', '0', '0', '0']",5
"['60', '198', '0', '0', '0', '0', '0', '0', '0', '0', '0', '0']",5
"['26', '232', '0', '0', '0', '0', '0', '0', '0', '0', '0', '0']",5
"['', '212', '0', '0', '0', '0', '0', '0', '0', '0', '0', '0']",5
"['56', '227', '0', '0', '0', '0', '0', '0', '0', '0', '0', '0']",5
"['174', '111', '0', '0', '0', '0', '0', '0', '0', '0', '0', '0']",5
"['194', '40', '0', '0', '0', '0', '0', '0', '0', '0', '0', '0']",5
"['212', '138', '0', '0', '0', '0', '0', '0', '0', '0', '0', '0']",5
"['75', '74', '0', '0', '0', '0', '0', '0', '0', '0', '0', '0']",5
"['123', '0', '0', '0', '0', '0', '0', '0', '0', '0', '0', '0']",5
"['198', '162', '0', '0', '0', '0', '0', '0', '0', '0', '0', '0']",5
"['76', '158', '0', '0', '0', '0', '0', '0', '0', '0', '0', '0']",5
"['95', '157', '0', '0', '0', '0', '0', '0', '0', '0', '0', '0']",5
"['212', '211', '0', '0', '0', '0', '0', '0', '0', '0', '0', '0']",5
"['67', '0', '0', '0', '0', '0', '0', '0', '0', '0', '0', '0']",5
"['210', '199', '0', '0', '0', '0', '0', '0', '0', '0', '0', '0']",5
"['40', '41', '0', '0', '0', '0', '0', '0', '0', '0', '0', '0']",5
"['217', '158', '0', '0', '0', '0', '0', '0', '0', '0', '0', '0']",5
"['101', '146', '0', '0', '0', '0', '0', '0', '0', '0', '0', '0']",5
"['213', '43', '0', '0', '0', '0', '0', '0', '0', '0', '0', '0']",5
"['86', '130', '0', '0', '0', '0', '0', '0', '0', '0', '0', '0']",5
"['91', '136', '91', '0', '0', '0', '0', '0', '0', '0', '0', '0']",5
"['145', '82', '145', '0', '0', '0', '0', '0', '0', '0', '0', '0']",5
"['235', '20', '0', '0', '0', '0', '0', '0', '0', '0', '0', '0']",5
"['137', '21', '0', '0', '0', '0', '0', '0', '0', '0', '0', '0']",6
"['162', '0', '0', '0', '0', '0', '0', '0', '0', '0', '0', '0']",6
"['43', '213', '0', '0', '0', '0', '0', '0', '0', '0', '0', '0']",6
"['97', '159', '0', '0', '0', '0', '0', '0', '0', '0', '0', '0']",6
"['145', '199', '0', '0', '0', '0', '0', '0', '0', '0', '0', '0']",6
"['76', '22', '0', '0', '0', '0', '0', '0', '0', '0', '0', '0']",6
"['147', '210', '0', '0', '0', '0', '0', '0', '0', '0', '0', '0']",6
"['', '', '', '', '', '', '', '', '', '', '0', '0']",6
"['174', '0', '0', '0', '0', '0', '0', '0', '0', '0', '0', '0']",6
"['211', '41', '0', '0', '0', '0', '0', '0', '0', '0', '0', '0']",6
"['41', '211', '0', '0', '0', '0', '0', '0', '0', '0', '0', '0']",6
"['22', '76', '0', '0', '0', '0', '0', '0', '0', '0', '0', '0']",6
"['137', '75', '74', '0', '0', '0', '0', '0', '0', '0', '0', '0']",6
"['20', '138', '0', '0', '0', '0', '0', '0', '0', '0', '0', '0']",6
"['93', '75', '0', '0', '0', '0', '0', '0', '0', '0', '0', '0']",6
"['156', '138', '0', '0', '0', '0', '0', '0', '0', '0', '0', '0']",6
"['111', '0', '0', '0', '0', '0', '0', '0', '0', '0', '0', '0']",6
"['191', '20', '75', '138', '0', '0', '0', '0', '0', '0', '0', '0']",6
"['154', '0', '0', '0', '0', '0', '0', '0', '0', '0', '0', '0']",6
"['135', '198', '0', '0', '0', '0', '0', '0', '0', '0', '0', '0']",6
"['213', '0', '0', '0', '0', '0', '0', '0', '0', '0', '0', '0']",6
"['196', '0', '0', '0', '0', '0', '0', '0', '0', '0', '0', '0']",6
"['89', '26', '0', '0', '0', '0', '0', '0', '0', '0', '0', '0']",6
"['141', '0', '0', '0', '0', '0', '0', '0', '0', '0', '0', '0']",6
"['69', '0', '0', '0', '0', '0', '0', '0', '0', '0', '0', '0']",6
"['145', '91', '0', '0', '0', '0', '0', '0', '0', '0', '0', '0']",6
"['40', '194', '0', '0', '0', '0', '0', '0', '0', '0', '0', '0']",6
"['138', '156', '75', '93', '0', '0', '0', '0', '0', '0', '0', '0']",6
"['80', '144', '0', '0', '0', '0', '0', '0', '0', '0', '0', '0']",6
"['128', '83', '0', '0', '0', '0', '0', '0', '0', '0', '0', '0']",6
"['235', '172', '0', '0', '0', '0', '0', '0', '0', '0', '0', '0']",6
"['217', '217', '0', '0', '0', '0', '0', '0', '0', '0', '0', '0']",6
"['46', '94', '0', '0', '0', '0', '0', '0', '0', '0', '0', '0']",6
"['94', '46', '0', '0', '0', '0', '0', '0', '0', '0', '0', '0']",6
"['28', '91', '0', '0', '0', '0', '0', '0', '0', '0', '0', '0']",6
"['102', '0', '0', '0', '0', '0', '0', '0', '0', '0', '0', '0']",7
"['129', '212', '0', '0', '0', '0', '0', '0', '0', '0', '0', '0']",7
"['98', '0', '0', '0', '0', '0', '0', '0', '0', '0', '0', '0']",7
"['82', '199', '0', '0', '0', '0', '0', '0', '0', '0', '0', '0']",7
"['', '', '', '', '', '', '', '', '0', '0', '0', '0']",7
"['75', '93', '0', '0', '0', '0', '0', '0', '0', '0', '0', '0']",7
"['39', '102', '0', '0', '0', '0', '0', '0', '0', '0', '0', '0']",7
"['130', '0', '0', '0', '0', '0', '0', '0', '0', '0', '0', '0']",7
"['21', '20', '0', '0', '0', '0', '0', '0', '0', '0', '0', '0']",7
"['98', '26', '0', '0', '0', '0', '0', '0', '0', '0', '0', '0']",7
"['199', '136', '0', '0', '0', '0', '0', '0', '0', '0', '0', '0']",7
"['210', '39', '0', '0', '0', '0', '0', '0', '0', '0', '0', '0']",7
"['58', '49', '0', '0', '0', '0', '0', '0', '0', '0', '0', '0']",7
"['58', '230', '0', '0', '0', '0', '0', '0', '0', '0', '0', '0']",7
"['42', '123', '0', '0', '0', '0', '0', '0', '0', '0', '0', '0']",7
"['103', '49', '0', '0', '0', '0', '0', '0', '0', '0', '0', '0']",7
"['40', '94', '0', '0', '0', '0', '0', '0', '0', '0', '0', '0']",7
"['138', '156', '0', '0', '0', '0', '0', '0', '0', '0', '0', '0']",7
"['90', '0', '0', '0', '0', '0', '0', '0', '0', '0', '0', '0']",7
"['127', '0', '0', '0', '0', '0', '0', '0', '0', '0', '0', '0']",7
"['146', '101', '0', '0', '0', '0', '0', '0', '0', '0', '0', '0']",7
"['169', '0', '0', '0', '0', '0', '0', '0', '0', '0', '0', '0']",7
"['143', '81', '0', '0', '0', '0', '0', '0', '0', '0', '0', '0']",7
"['40', '', '0', '0', '0', '0', '0', '0', '0', '0', '0', '0']",7
"['230', '203', '0', '0', '0', '0', '0', '0', '0', '0', '0', '0']",7
"['84', '83', '0', '0', '0', '0', '0', '0', '0', '0', '0', '0']",7
"['149', '203', '0', '0', '0', '0', '0', '0', '0', '0', '0', '0']",7
"['110', '138', '0', '0', '0', '0', '0', '0', '0', '0', '0', '0']",7
"['103', '112', '0', '0', '0', '0', '0', '0', '0', '0', '0', '0']",7
"['49', '58', '0', '0', '0', '0', '0', '0', '0', '0', '0', '0']",8
"['182', '0', '0', '0', '0', '0', '0', '0', '0', '0', '0', '0']",8
"['199', '82', '0', '0', '0', '0', '0', '0', '0', '0', '0', '0']",8
"['159', '0', '0', '0', '0', '0', '0', '0', '0', '0', '0', '0']",8
"['38', '101', '0', '0', '0', '0', '0', '0', '0', '0', '0', '0']",8
"['193', '22', '0', '0', '0', '0', '0', '0', '0', '0', '0', '0']",8
"['210', '192', '0', '0', '0', '0', '0', '0', '0', '0', '0', '0']",8
"['20', '84', '0', '0', '0', '0', '0', '0', '0', '0', '0', '0']",8
"['215', '0', '0', '0', '0', '0', '0', '0', '0', '0', '0', '0']",8
"['49', '103', '0', '0', '0', '0', '0', '0', '0', '0', '0', '0']",8
"['111', '174', '0', '0', '0', '0', '0', '0', '0', '0', '0', '0']",8
"['36', '0', '0', '0', '0', '0', '0', '0', '0', '0', '0', '0']",8
"['22', '212', '0', '0', '0', '0', '0', '0', '0', '0', '0', '0']",8
"['212', '22', '0', '0', '0', '0', '0', '0', '0', '0', '0', '0']",8
"['83', '21', '0', '0', '0', '0', '0', '0', '0', '0', '0', '0']",8
"['37', '91', '0', '0', '0', '0', '0', '0', '0', '0', '0', '0']",8
"['227', '56', '0', '0', '0', '0', '0', '0', '0', '0', '0', '0']",8
"['84', '137', '0', '0', '0', '0', '0', '0', '0', '0', '0', '0']",8
"['46', '199', '145', '100', '0', '0', '0', '0', '0', '0', '0', '0']",8
"['56', '192', '0', '0', '0', '0', '0', '0', '0', '0', '0', '0']",8
"['137', '20', '0', '0', '0', '0', '0', '0', '0', '0', '0', '0']",9
"['173', '40', '0', '0', '0', '0', '0', '0', '0', '0', '0', '0']",9
"['39', '210', '0', '0', '0', '0', '0', '0', '0', '0', '0', '0']",9
"['192', '128', '0', '0', '0', '0', '0', '0', '0', '0', '0', '0']",9
"['192', '20', '0', '0', '0', '0', '0', '0', '0', '0', '0', '0']",9
"['210', '147', '0', '0', '0', '0', '0', '0', '0', '0', '0', '0']",9
"['215', '45', '0', '0', '0', '0', '0', '0', '0', '0', '0', '0']",9
"['44', '0', '0', '0', '0', '0', '0', '0', '0', '0', '0', '0']",9
"['162', '198', '0', '0', '0', '0', '0', '0', '0', '0', '0', '0']",9
"['145', '145', '0', '0', '0', '0', '0', '0', '0', '0', '0', '0']",9
"['', '0', '0', '0', '0', '0', '0', '0', '0', '0', '0', '0']",9
"['29', '0', '0', '0', '0', '0', '0', '0', '0', '0', '0', '0']",9
"['172', '235', '0', '0', '0', '0', '0', '0', '0', '0', '0', '0']",9
"['199', '199', '0', '0', '0', '0', '0', '0', '0', '0', '0', '0']",9
"['190', '0', '0', '0', '0', '0', '0', '0', '0', '0', '0', '0']",9
"['165', '120', '0', '0', '0', '0', '0', '0', '0', '0', '0', '0']",9
"['32', '0', '0', '0', '0', '0', '0', '0', '0', '0', '0', '0']",9
"['227', '21', '0', '0', '0', '0', '0', '0', '0', '0', '0', '0']",9
"['85', '94', '0', '0', '0', '0', '0', '0', '0', '0', '0', '0']",10
"['163', '0', '0', '0', '0', '0', '0', '0', '0', '0', '0', '0']",10
"['191', '74', '0', '0', '0', '0', '0', '0', '0', '0', '0', '0']",10
"['96', '0', '0', '0', '0', '0', '0', '0', '0', '0', '0', '0']",10
"['129', '191', '0', '0', '0', '0', '0', '0', '0', '0', '0', '0']",10
"['109', '0', '0', '0', '0', '0', '0', '0', '0', '0', '0', '0']",10
"['194', '23', '0', '0', '0', '0', '0', '0', '0', '0', '0', '0']",10
"['230', '0', '0', '0', '0', '0', '0', '0', '0', '0', '0', '0']",10
"['212', '158', '0', '0', '0', '0', '0', '0', '0', '0', '0', '0']",10
"['103', '131', '0', '0', '0', '0', '0', '0', '0', '0', '0', '0']",10
"['24', '0', '0', '0', '0', '0', '0', '0', '0', '0', '0', '0']",10
"['216', '135', '0', '0', '0', '0', '0', '0', '0', '0', '0', '0']",10
"['212', '', '0', '0', '0', '0', '0', '0', '0', '0', '0', '0']",10
"['131', '103', '0', '0', '0', '0', '0', '0', '0', '0', '0', '0']",10
"['157', '95', '0', '0', '0', '0', '0', '0', '0', '0', '0', '0']",10
"['95', '212', '0', '0', '0', '0', '0', '0', '0', '0', '0', '0']",10
"['146', '0', '0', '0', '0', '0', '0', '0', '0', '0', '0', '0']",11
"['20', '137', '0', '0', '0', '0', '0', '0', '0', '0', '0', '0']",11
"['84', '20', '0', '0', '0', '0', '0', '0', '0', '0', '0', '0']",11
"['26', '89', '0', '0', '0', '0', '0', '0', '0', '0', '0', '0']",11
"['83', '128', '0', '0', '0', '0', '0', '0', '0', '0', '0', '0']",11
"['140', '194', '0', '0', '0', '0', '0', '0', '0', '0', '0', '0']",11
"['151', '0', '0', '0', '0', '0', '0', '0', '0', '0', '0', '0']",11
"['46', '46', '0', '0', '0', '0', '0', '0', '0', '0', '0', '0']",11
"['23', '194', '0', '0', '0', '0', '0', '0', '0', '0', '0', '0']",11
"['94', '40', '0', '0', '0', '0', '0', '0', '0', '0', '0', '0']",11
"['164', '0', '0', '0', '0', '0', '0', '0', '0', '0', '0', '0']",11
"['203', '49', '0', '0', '0', '0', '0', '0', '0', '0', '0', '0']",11
"['26', '98', '0', '0', '0', '0', '0', '0', '0', '0', '0', '0']",11
"['', '40', '0', '0', '0', '0', '0', '0', '0', '0', '0', '0']",11
"['', '', '', '0', '0', '0', '0', '0', '0', '0', '0', '0']",11
"['164', '227', '0', '0', '0', '0', '0', '0', '0', '0', '0', '0']",11
"['190', '136', '0', '0', '0', '0', '0', '0', '0', '0', '0', '0']",11
"['205', '0', '0', '0', '0', '0', '0', '0', '0', '0', '0', '0']",11
"['231', '74', '0', '0', '0', '0', '0', '0', '0', '0', '0', '0']",11
"['198', '135', '0', '0', '0', '0', '0', '0', '0', '0', '0', '0']",12
"['185', '0', '0', '0', '0', '0', '0', '0', '0', '0', '0', '0']",12
"['158', '212', '0', '0', '0', '0', '0', '0', '0', '0', '0', '0']",12
"['178', '0', '0', '0', '0', '0', '0', '0', '0', '0', '0', '0']",12
"['51', '0', '0', '0', '0', '0', '0', '0', '0', '0', '0', '0']",12
"['82', '145', '82', '0', '0', '0', '0', '0', '0', '0', '0', '0']",12
"['77', '139', '0', '0', '0', '0', '0', '0', '0', '0', '0', '0']",12
"['139', '77', '0', '0', '0', '0', '0', '0', '0', '0', '0', '0']",12
"['228', '0', '0', '0', '0', '0', '0', '0', '0', '0', '0', '0']",12
"['86', '0', '0', '0', '0', '0', '0', '0', '0', '0', '0', '0']",13
"['75', '192', '0', '0', '0', '0', '0', '0', '0', '0', '0', '0']",13
"['', '', '0', '0', '0', '0', '0', '0', '0', '0', '0', '0']",13
"['142', '0', '0', '0', '0', '0', '0', '0', '0', '0', '0', '0']",13
"['97', '0', '0', '0', '0', '0', '0', '0', '0', '0', '0', '0']",13
"['105', '0', '0', '0', '0', '0', '0', '0', '0', '0', '0', '0']",13
"['163', '100', '0', '0', '0', '0', '0', '0', '0', '0', '0', '0']",13
"['82', '82', '0', '0', '0', '0', '0', '0', '0', '0', '0', '0']",13
"['194', '140', '0', '0', '0', '0', '0', '0', '0', '0', '0', '0']",13
"['134', '0', '0', '0', '0', '0', '0', '0', '0', '0', '0', '0']",13
"['91', '0', '0', '0', '0', '0', '0', '0', '0', '0', '0', '0']",13
"['199', '46', '100', '145', '0', '0', '0', '0', '0', '0', '0', '0']",13
"['74', '191', '0', '0', '0', '0', '0', '0', '0', '0', '0', '0']",14
"['22', '193', '0', '0', '0', '0', '0', '0', '0', '0', '0', '0']",14
"['181', '0', '0', '0', '0', '0', '0', '0', '0', '0', '0', '0']",14
"['100', '163', '0', '0', '0', '0', '0', '0', '0', '0', '0', '0']",14
"['173', '75', '0', '0', '0', '0', '0', '0', '0', '0', '0', '0']",14
"['73', '0', '0', '0', '0', '0', '0', '0', '0', '0', '0', '0']",14
"['158', '131', '0', '0', '0', '0', '0', '0', '0', '0', '0', '0']",15
"['49', '203', '0', '0', '0', '0', '0', '0', '0', '0', '0', '0']",15
"['38', '209', '0', '0', '0', '0', '0', '0', '0', '0', '0', '0']",15
"['30', '0', '0', '0', '0', '0', '0', '0', '0', '0', '0', '0']",15
"['183', '0', '0', '0', '0', '0', '0', '0', '0', '0', '0', '0']",15
"['', '', '', '', '0', '0', '0', '0', '0', '0', '0', '0']",15
"['56', '0', '0', '0', '0', '0', '0', '0', '0', '0', '0', '0']",15
"['216', '0', '0', '0', '0', '0', '0', '0', '0', '0', '0', '0']",15
"['192', '191', '0', '0', '0', '0', '0', '0', '0', '0', '0', '0']",15
"['40', '173', '0', '0', '0', '0', '0', '0', '0', '0', '0', '0']",15
"['21', '227', '0', '0', '0', '0', '0', '0', '0', '0', '0', '0']",15
"['223', '0', '0', '0', '0', '0', '0', '0', '0', '0', '0', '0']",16
"['138', '137', '0', '0', '0', '0', '0', '0', '0', '0', '0', '0']",16
"['214', '42', '0', '0', '0', '0', '0', '0', '0', '0', '0', '0']",16
"['235', '64', '0', '0', '0', '0', '0', '0', '0', '0', '0', '0']",16
"['192', '210', '0', '0', '0', '0', '0', '0', '0', '0', '0', '0']",16
"['162', '78', '0', '0', '0', '0', '0', '0', '0', '0', '0', '0']",16
"['192', '56', '0', '0', '0', '0', '0', '0', '0', '0', '0', '0']",16
"['41', '0', '0', '0', '0', '0', '0', '0', '0', '0', '0', '0']",17
"['31', '0', '0', '0', '0', '0', '0', '0', '0', '0', '0', '0']",17
"['128', '191', '0', '0', '0', '0', '0', '0', '0', '0', '0', '0']",17
"['28', '199', '0', '0', '0', '0', '0', '0', '0', '0', '0', '0']",17
"['21', '39', '0', '0', '0', '0', '0', '0', '0', '0', '0', '0']",17
"['197', '0', '0', '0', '0', '0', '0', '0', '0', '0', '0', '0']",17
"['83', '20', '0', '0', '0', '0', '0', '0', '0', '0', '0', '0']",18
"['203', '230', '0', '0', '0', '0', '0', '0', '0', '0', '0', '0']",18
"['74', '231', '0', '0', '0', '0', '0', '0', '0', '0', '0', '0']",18
"['160', '0', '0', '0', '0', '0', '0', '0', '0', '0', '0', '0']",19
"['191', '128', '0', '0', '0', '0', '0', '0', '0', '0', '0', '0']",19
"['78', '0', '0', '0', '0', '0', '0', '0', '0', '0', '0', '0']",19
"['42', '214', '0', '0', '0', '0', '0', '0', '0', '0', '0', '0']",19
"['28', '82', '0', '0', '0', '0', '0', '0', '0', '0', '0', '0']",19
"['91', '28', '0', '0', '0', '0', '0', '0', '0', '0', '0', '0']",19
"['136', '199', '0', '0', '0', '0', '0', '0', '0', '0', '0', '0']",19
"['58', '0', '0', '0', '0', '0', '0', '0', '0', '0', '0', '0']",19
"['137', '61', '0', '0', '0', '0', '0', '0', '0', '0', '0', '0']",19
"['199', '28', '0', '0', '0', '0', '0', '0', '0', '0', '0', '0']",20
"['39', '21', '0', '0', '0', '0', '0', '0', '0', '0', '0', '0']",20
"['226', '0', '0', '0', '0', '0', '0', '0', '0', '0', '0', '0']",20
"['61', '137', '0', '0', '0', '0', '0', '0', '0', '0', '0', '0']",20
"['181', '118', '0', '0', '0', '0', '0', '0', '0', '0', '0', '0']",21
"['209', '38', '0', '0', '0', '0', '0', '0', '0', '0', '0', '0']",21
"['156', '93', '0', '0', '0', '0', '0', '0', '0', '0', '0', '0']",21
"['114', '0', '0', '0', '0', '0', '0', '0', '0', '0', '0', '0']",21
"['135', '216', '0', '0', '0', '0', '0', '0', '0', '0', '0', '0']",21
"['37', '0', '0', '0', '0', '0', '0', '0', '0', '0', '0', '0']",21
"['84', '129', '0', '0', '0', '0', '0', '0', '0', '0', '0', '0']",22
"['20', '83', '0', '0', '0', '0', '0', '0', '0', '0', '0', '0']",22
"['94', '85', '0', '0', '0', '0', '0', '0', '0', '0', '0', '0']",22
"['227', '0', '0', '0', '0', '0', '0', '0', '0', '0', '0', '0']",22
"['28', '28', '0', '0', '0', '0', '0', '0', '0', '0', '0', '0']",22
"['165', '0', '0', '0', '0', '0', '0', '0', '0', '0', '0', '0']",22
"['118', '0', '0', '0', '0', '0', '0', '0', '0', '0', '0', '0']",23
"['118', '181', '0', '0', '0', '0', '0', '0', '0', '0', '0', '0']",23
"['135', '0', '0', '0', '0', '0', '0', '0', '0', '0', '0', '0']",23
"['192', '75', '0', '0', '0', '0', '0', '0', '0', '0', '0', '0']",24
"['161', '0', '0', '0', '0', '0', '0', '0', '0', '0', '0', '0']",24
"['25', '0', '0', '0', '0', '0', '0', '0', '0', '0', '0', '0']",24
"['93', '156', '0', '0', '0', '0', '0', '0', '0', '0', '0', '0']",25
"['64', '235', '0', '0', '0', '0', '0', '0', '0', '0', '0', '0']",25
"['20', '191', '138', '75', '0', '0', '0', '0', '0', '0', '0', '0']",25
"['35', '0', '0', '0', '0', '0', '0', '0', '0', '0', '0', '0']",26
"['231', '0', '0', '0', '0', '0', '0', '0', '0', '0', '0', '0']",26
"['131', '158', '0', '0', '0', '0', '0', '0', '0', '0', '0', '0']",27
"['137', '75', '0', '0', '0', '0', '0', '0', '0', '0', '0', '0']",27
"['80', '0', '0', '0', '0', '0', '0', '0', '0', '0', '0', '0']",27
"['20', '191', '0', '0', '0', '0', '0', '0', '0', '0', '0', '0']",28
"['191', '20', '0', '0', '0', '0', '0', '0', '0', '0', '0', '0']",28
"['23', '0', '0', '0', '0', '0', '0', '0', '0', '0', '0', '0']",28
"['81', '0', '0', '0', '0', '0', '0', '0', '0', '0', '0', '0']",29
"['75', '212', '0', '0', '0', '0', '0', '0', '0', '0', '0', '0']",29
"['143', '0', '0', '0', '0', '0', '0', '0', '0', '0', '0', '0']",29
"['21', '138', '0', '0', '0', '0', '0', '0', '0', '0', '0', '0']",30
"['138', '21', '0', '0', '0', '0', '0', '0', '0', '0', '0', '0']",30
"['138', '40', '0', '0', '0', '0', '0', '0', '0', '0', '0', '0']",30
"['217', '46', '0', '0', '0', '0', '0', '0', '0', '0', '0', '0']",30
"['156', '0', '0', '0', '0', '0', '0', '0', '0', '0', '0', '0']",30
"['193', '0', '0', '0', '0', '0', '0', '0', '0', '0', '0', '0']",31
"['195', '0', '0', '0', '0', '0', '0', '0', '0', '0', '0', '0']",31
"['194', '22', '0', '0', '0', '0', '0', '0', '0', '0', '0', '0']",31
"['211', '0', '0', '0', '0', '0', '0', '0', '0', '0', '0', '0']",32
"['46', '217', '0', '0', '0', '0', '0', '0', '0', '0', '0', '0']",32
"['44', '89', '0', '0', '0', '0', '0', '0', '0', '0', '0', '0']",32
"['61', '0', '0', '0', '0', '0', '0', '0', '0', '0', '0', '0']",32
"['189', '0', '0', '0', '0', '0', '0', '0', '0', '0', '0', '0']",35
"['93', '0', '0', '0', '0', '0', '0', '0', '0', '0', '0', '0']",36
"['64', '0', '0', '0', '0', '0', '0', '0', '0', '0', '0', '0']",36
"['95', '0', '0', '0', '0', '0', '0', '0', '0', '0', '0', '0']",37
"['89', '44', '0', '0', '0', '0', '0', '0', '0', '0', '0', '0']",37
"['157', '0', '0', '0', '0', '0', '0', '0', '0', '0', '0', '0']",37
"['235', '0', '0', '0', '0', '0', '0', '0', '0', '0', '0', '0']",38
"['138', '74', '0', '0', '0', '0', '0', '0', '0', '0', '0', '0']",38
"['212', '75', '0', '0', '0', '0', '0', '0', '0', '0', '0', '0']",39
"['129', '84', '0', '0', '0', '0', '0', '0', '0', '0', '0', '0']",39
"['74', '138', '0', '0', '0', '0', '0', '0', '0', '0', '0', '0']",40
"['173', '0', '0', '0', '0', '0', '0', '0', '0', '0', '0', '0']",41
"['39', '0', '0', '0', '0', '0', '0', '0', '0', '0', '0', '0']",41
"['110', '0', '0', '0', '0', '0', '0', '0', '0', '0', '0', '0']",41
"['22', '194', '0', '0', '0', '0', '0', '0', '0', '0', '0', '0']",41
"['40', '138', '0', '0', '0', '0', '0', '0', '0', '0', '0', '0']",41
"['131', '0', '0', '0', '0', '0', '0', '0', '0', '0', '0', '0']",42
"['103', '0', '0', '0', '0', '0', '0', '0', '0', '0', '0', '0']",42
"['210', '0', '0', '0', '0', '0', '0', '0', '0', '0', '0', '0']",42
"['145', '82', '0', '0', '0', '0', '0', '0', '0', '0', '0', '0']",45
"['75', '137', '0', '0', '0', '0', '0', '0', '0', '0', '0', '0']",45
"['110', '173', '0', '0', '0', '0', '0', '0', '0', '0', '0', '0']",47
"['92', '155', '0', '0', '0', '0', '0', '0', '0', '0', '0', '0']",47
"['76', '0', '0', '0', '0', '0', '0', '0', '0', '0', '0', '0']",48
"['155', '92', '0', '0', '0', '0', '0', '0', '0', '0', '0', '0']",48
"['94', '0', '0', '0', '0', '0', '0', '0', '0', '0', '0', '0']",49
"['144', '0', '0', '0', '0', '0', '0', '0', '0', '0', '0', '0']",49
"['149', '0', '0', '0', '0', '0', '0', '0', '0', '0', '0', '0']",49
"['21', '192', '0', '0', '0', '0', '0', '0', '0', '0', '0', '0']",50
"['40', '31', '0', '0', '0', '0', '0', '0', '0', '0', '0', '0']",51
"['89', '0', '0', '0', '0', '0', '0', '0', '0', '0', '0', '0']",52
"['192', '21', '0', '0', '0', '0', '0', '0', '0', '0', '0', '0']",53
"['38', '0', '0', '0', '0', '0', '0', '0', '0', '0', '0', '0']",54
"['85', '0', '0', '0', '0', '0', '0', '0', '0', '0', '0', '0']",55
"['140', '0', '0', '0', '0', '0', '0', '0', '0', '0', '0', '0']",55
"['77', '0', '0', '0', '0', '0', '0', '0', '0', '0', '0', '0']",56
"['158', '0', '0', '0', '0', '0', '0', '0', '0', '0', '0', '0']",57
"['26', '198', '0', '0', '0', '0', '0', '0', '0', '0', '0', '0']",58
"['212', '185', '0', '0', '0', '0', '0', '0', '0', '0', '0', '0']",59
"['83', '0', '0', '0', '0', '0', '0', '0', '0', '0', '0', '0']",60
"['173', '110', '0', '0', '0', '0', '0', '0', '0', '0', '0', '0']",61
"['60', '232', '0', '0', '0', '0', '0', '0', '0', '0', '0', '0']",66
"['232', '60', '0', '0', '0', '0', '0', '0', '0', '0', '0', '0']",66
"['185', '212', '0', '0', '0', '0', '0', '0', '0', '0', '0', '0']",67
"['209', '0', '0', '0', '0', '0', '0', '0', '0', '0', '0', '0']",69
"['139', '0', '0', '0', '0', '0', '0', '0', '0', '0', '0', '0']",69
"['31', '40', '0', '0', '0', '0', '0', '0', '0', '0', '0', '0']",70
"['49', '0', '0', '0', '0', '0', '0', '0', '0', '0', '0', '0']",70
"['42', '0', '0', '0', '0', '0', '0', '0', '0', '0', '0', '0']",71
"['92', '0', '0', '0', '0', '0', '0', '0', '0', '0', '0', '0']",72
"['214', '0', '0', '0', '0', '0', '0', '0', '0', '0', '0', '0']",72
"['217', '0', '0', '0', '0', '0', '0', '0', '0', '0', '0', '0']",73
"['46', '0', '0', '0', '0', '0', '0', '0', '0', '0', '0', '0']",74
"['203', '0', '0', '0', '0', '0', '0', '0', '0', '0', '0', '0']",75
"['155', '0', '0', '0', '0', '0', '0', '0', '0', '0', '0', '0']",75
"['129', '192', '0', '0', '0', '0', '0', '0', '0', '0', '0', '0']",79
"['128', '0', '0', '0', '0', '0', '0', '0', '0', '0', '0', '0']",86
"['84', '21', '0', '0', '0', '0', '0', '0', '0', '0', '0', '0']",88
"['192', '129', '0', '0', '0', '0', '0', '0', '0', '0', '0', '0']",88
"['21', '84', '0', '0', '0', '0', '0', '0', '0', '0', '0', '0']",89
"['232', '0', '0', '0', '0', '0', '0', '0', '0', '0', '0', '0']",90
"['145', '0', '0', '0', '0', '0', '0', '0', '0', '0', '0', '0']",92
"['82', '0', '0', '0', '0', '0', '0', '0', '0', '0', '0', '0']",93
"['198', '26', '0', '0', '0', '0', '0', '0', '0', '0', '0', '0']",95
"['199', '0', '0', '0', '0', '0', '0', '0', '0', '0', '0', '0']",98
"['60', '0', '0', '0', '0', '0', '0', '0', '0', '0', '0', '0']",111
"['28', '0', '0', '0', '0', '0', '0', '0', '0', '0', '0', '0']",111
"['82', '145', '0', '0', '0', '0', '0', '0', '0', '0', '0', '0']",137
"['74', '137', '0', '0', '0', '0', '0', '0', '0', '0', '0', '0']",153
"['129', '0', '0', '0', '0', '0', '0', '0', '0', '0', '0', '0']",164
"['191', '0', '0', '0', '0', '0', '0', '0', '0', '0', '0', '0']",171
"['40', '212', '0', '0', '0', '0', '0', '0', '0', '0', '0', '0']",173
"['84', '0', '0', '0', '0', '0', '0', '0', '0', '0', '0', '0']",187
"['137', '74', '0', '0', '0', '0', '0', '0', '0', '0', '0', '0']",189
"['212', '40', '0', '0', '0', '0', '0', '0', '0', '0', '0', '0']",196
"['20', '0', '0', '0', '0', '0', '0', '0', '0', '0', '0', '0']",213
"['194', '0', '0', '0', '0', '0', '0', '0', '0', '0', '0', '0']",222
"['22', '0', '0', '0', '0', '0', '0', '0', '0', '0', '0', '0']",235
"['198', '0', '0', '0', '0', '0', '0', '0', '0', '0', '0', '0']",237
"['26', '0', '0', '0', '0', '0', '0', '0', '0', '0', '0', '0']",265
"['21', '0', '0', '0', '0', '0', '0', '0', '0', '0', '0', '0']",344
"['192', '0', '0', '0', '0', '0', '0', '0', '0', '0', '0', '0']",355
"['137', '0', '0', '0', '0', '0', '0', '0', '0', '0', '0', '0']",361
"['74', '0', '0', '0', '0', '0', '0', '0', '0', '0', '0', '0']",392
"['75', '138', '0', '0', '0', '0', '0', '0', '0', '0', '0', '0']",561
"['40', '0', '0', '0', '0', '0', '0', '0', '0', '0', '0', '0']",580
"['212', '0', '0', '0', '0', '0', '0', '0', '0', '0', '0', '0']",626
"['138', '75', '0', '0', '0', '0', '0', '0', '0', '0', '0', '0']",695
"['75', '0', '0', '0', '0', '0', '0', '0', '0', '0', '0', '0']",1061
"['138', '0', '0', '0', '0', '0', '0', '0', '0', '0', '0', '0']",1284
"['0', '0', '0', '0', '0', '0', '0', '0', '0', '0', '0', '0']",8239
